date,제목,emotion
2025-04-20,미쳐... 무모샵 가입하고 온 사이 솔드어웃 ㅠㅠ,positive
2025-04-20,포토북 / 초회한정 포카 교환 구해!,neutral
2025-04-20,료깅이가 너무 귀여워요,positive
2025-04-20,럭드 좀 있으면 끝난다~~~~~~,neutral
2025-04-20,오댕즈덕분에 기살아,neutral
2025-04-20,아니 리쿠 잘먹는거 왤케 좋지,positive
2025-04-20,⚾️ / I’m about to let my feeling go pop! / p💛pp💛p / ⋆⋆ 🐈‍⬛ ⋆⋆ / ‎٠ ࣪⭑ / < - - - -  👀💓 / i <3 poppop,neutral
2025-04-20,재희 개그한닼ㅋㅋㅋㅋㅋㅋㅋ,positive
2025-04-20,끼야악 무모샵 포토북 ㅜㅠ 재입고 될까??,curious
2025-04-20,나왔다ㅋㅋㅋㅋㅋㅋㅋ,positive
2025-04-20,팝츄 료->재희 구해!,neutral
2025-04-20,개콘 곧 나옴ㅇㅇ 틀어라ㅇㅇ,neutral
2025-04-20,투표 방송사별 어플 정리 된 글 있을까?,curious
2025-04-20,🌇,neutral
2025-04-20,feels like 1999 w RIKU,neutral
2025-04-20,"초회한정 교환 구해!! 시온, 리쿠 -> 사쿠야",neutral
2025-04-20,돌박2일 진짜 너무 좋은 컨텐츠다,positive
2025-04-20,"초회, 쥬얼, 포토북 포스터(재희)/포토북 포카(료)➡️ 리쿠 교환 구해💚",neutral
2025-04-20,돌박2일 완전 힐링이다,positive
2025-04-20,리쿠가 저렇게 잘 먹는거 첨 봐ㅠㅠㅠㅠㅠㅠㅠㅠㅠㅠ,sadness
2025-04-20,근데 위시젤리 합격자는 뭘까?,curious
2025-04-20,포토이즘 사쿠야 진짜 하얗다,neutral
2025-04-20,쇼챔 투표하고 음중도ㅠㅠ 다들 카카오뮤직 bgm 설정도 안해놨으면 한번씩 해줘!!,sadness
2025-04-20,①⑨⑨⑨ x ⓟⓞⓟⓟⓞⓟ #poppop,neutral
2025-04-20,시즈니이 오늘 인기가요를 끝으로 기대하던 poppop 활동 1주차가 끝났네요,neutral
2025-04-20,팬미경쟁 빡세려나,neutral
2025-04-20,ㅅㅛ챔투표 진짜 비상이긴 하다ㅜㅜ,positive
2025-04-20,세븐일레븐 럭드 얼만지 아는 덬 있어?,curious
2025-04-20,ㅂㅇㅅ) 배구 올스타 보는데 선수들 등장할때 팝팝제스쳐?하는 선수 계신다,curious
2025-04-20,[릴레이댄스] NCT WISH(엔시티 위시) - poppop (4K),neutral
2025-04-20,가요광장 스페셜 디제이분이랑 한다ㅇㅇ,neutral
2025-04-20,팝츄 띠부 나 : 유우시 → 💚 : 시온,neutral
2025-04-20,쇼챔 투표 지면 못받을텐데.....,neutral
2025-04-20,밈프 후속곡으로 음방 할 가능성 얼마나 있을까?,curious
2025-04-20,[안방1열 직캠4K] 엔시티 위시 'poppop' (NCT WISH FanCam),neutral
2025-04-20,EP.43-2 NCT WISH| 춤이라면 자신 있습니다🙋‍♂️준비된 신입 엔위시! 밥도 poppop 잘 먹어요| 돌박이일 NCT WISH 신입사원의 조건 2탄[4K],neutral
2025-04-20,[안방1열 풀캠4K] 엔시티 위시 'poppop' (NCT WISH FullCam),neutral
2025-04-20,NCT WISH - Intro + poppop | SBS 250420 방송,neutral
2025-04-20,애들 컴백무대두 인터뷰도 시온이 엠씨두 너무 잘해따,positive
2025-04-20,인가 엠씨 좋은거엿구나......🥹,positive
2025-04-20,왁 시온아 손뽀뽀,positive
2025-04-20,시온이가 들고 나온 솜사탕 짱크고 예쁘다,positive
2025-04-20,"헐 인가 무대 퀄리티 좀 봐,;;",neutral
2025-04-20,리쿠 사쿠 살구송,neutral
2025-04-20,리쿠사쿠ㅋㅋㅋㅋㅋㅋㅋㅋㅋㅋ,positive
2025-04-20,인가 인터뷰 시작!!!,neutral
2025-04-20,애들 인터뷰 아직이지?,curious
2025-04-20,헐 핸즈업췄어,neutral
2025-04-20,갑자기 핸즈업?,curious
2025-04-20,개콘 인스타💚,neutral
2025-04-20,완료)초회 나:뽀뽀우시-> 💚:헤어밴드 리쿠,positive
2025-04-20,시온이 자기가 좋아하는 컨셉이라더니,positive
2025-04-20,후딱 럭드도 샀다,neutral
2025-04-20,이 채팅방? 은 어디에서 볼 수 있는거야?,curious
2025-04-20,[👔] 250420 #착장인가,neutral
2025-04-20,nobody moves! #RIKU #JAEHEE,neutral
2025-04-20,나 또 꼴드으응,neutral
2025-04-20,Come on #YUSHI #RYO,neutral
2025-04-20,나 궁금한게 있어어!!,curious
2025-04-20,오늘이 시온이 스페셜MC인가?,curious
2025-04-20,뮤비 스밍하러가야디,neutral
2025-04-20,일간 재진입ㅇㅇ,neutral
2025-04-20,잠시 후! NCT WISH가 멜론 뮤직웨이브에 깜짝 등장합니다! 시즈니 우리 같이 이야기 나눠요!,neutral
2025-04-20,아이돌극장 리쿠 이거 웃기다ㅠ,positive
2025-04-20,"초회한정 재희, 유우시 츄 ➡️ 유우시 가쿠란",neutral
2025-04-20,나도 엠카 투표완,neutral
2025-04-20,엠카툽완,neutral
2025-04-20,혹시 인가 사녹 온 덬 있어?,curious
2025-04-20,팝팝 포토북: 볼꼬집 재희 > 시온,neutral
2025-04-20,포토북 포카 재희 료 -> 시온 사쿠야 교환 구해!,neutral
2025-04-20,인간극장 료 진심진심진심 너무너무너무 귀엽다..,positive
2025-04-20,아니 대영이 말투 ㅈㅉ 아버지미 미쳤음,neutral
2025-04-20,숨바꼭질 재밌어 또 재방 보는 중,positive
2025-04-20,"유료즈 존귀통 오는 짤,,,,",neutral
2025-04-19,니키링내키링 사쿠에게 상처만 남은ㅋㅋㅋㅋㅋㅋ,positive
2025-04-19,엄청 하얗고 엄청 까맣다,neutral
2025-04-19,치즈볼즈 진짜 형제 같다 ㅋㅋㅋ,positive
2025-04-19,초회한정 재희 -> 시온 구해,neutral
2025-04-19,아무도 믿지마,neutral
2025-04-19,공기계 총 동원해서 엠카 투표중......,neutral
2025-04-19,팝츄 시온->재희 구해,neutral
2025-04-19,아 난 사쿠가 왜이렇게 웃기지,positive
2025-04-19,아니 조금만 천천히 컨텐츠 주세요,neutral
2025-04-19,REACTION to 🫧’poppop’🍋 MVㅣNCT WISH Reaction,neutral
2025-04-19,오댕즈 왜 이렇게 웃기지ㅋㅋ,positive
2025-04-19,허벅지씨름에 진심일 일이냐궄ㅋㅋㅋㅋㅋㅋㅋㅋ,positive
2025-04-19,끝말잇기에 패스 나오고 다시 나오곸ㅋㅋㅋㅋㅋ,positive
2025-04-19,랑보르기니 ㅁㅊㅋㅋㅋㅋㅋㅋㅋㅋㅋㅋㅋ,positive
2025-04-19,"팝팝 쥬얼) 개인버전 리쿠->💚:유우시, 단체버전 재희->💚리쿠 교환 구해!",neutral
2025-04-19,공방 응원봉 질문,curious
2025-04-19,오늘편 막내들 엄청 캐리하넼ㅋㅋㅋㅋㅋㅋㅋ,positive
2025-04-19,음방 몇주정도 해??,curious
2025-04-19,"팝츄: 포카&띠부 료 → 시온, 유우시, 리쿠",neutral
2025-04-19,시작하자마자 잡도맄ㅋㅋㅋㅋㅋㅋㅋ,positive
2025-04-19,아이돌인간극장 보러 가야겠당,neutral
2025-04-19,쇼챔 투표도 잊지말고 하자,neutral
2025-04-19,숨바꼭질 여기 왤케 웃기냐,positive
2025-04-19,포토북 초회 리쿠 > 유우시 🫧,neutral
2025-04-19,Video K-Talk: Merayakan Comeback 'poppop' Bareng NCT WISH,neutral
2025-04-19,1999 #힙레 w/ #NCTWISH,neutral
2025-04-19,숨바꼭질 여기 너무 웃음나와ㅅㅍ,positive
2025-04-19,숨바꼭질 어디서 봐?,curious
2025-04-19,이번에 더쇼챔 나올거같아?,curious
2025-04-19,이거 인터뷰 풀영상 어디서 볼수 있으까??,curious
2025-04-19,메가 광고 애햄이,neutral
2025-04-19,★  ★  ★ // stars // 🩵🦄🦋🌺☁️💟🍀 // 우끼끼 // ᯓ★ᯓ★ᯓ★ // 또부바 #poppop (240419 음중),neutral
2025-04-19,재희 위버스 포스트,neutral
2025-04-19,𝗠𝗔𝗥𝗞 𖤐 𝗪𝗜𝗦𝗛 #poppop,neutral
2025-04-19,팝츄 유우시 띠부 ->사쿠야 띠부,neutral
2025-04-19,료 박자 놓쳐서 이러는건가?ㅋㅋㅋㅋ,positive
2025-04-19,[Vlocap] NCT WISH - 'poppop' 현장 스케치 필름 | MOVE TO PERFORMANCE Behind,neutral
2025-04-19,포토북 하나 희생해서,neutral
2025-04-19,신촌 애플뮤직에 팝츄 많더라,neutral
2025-04-19,여러분 오늘 어땠어여~~~ 저희 보고 힘 내시길 바래요💪💪와서 응원해주신 분도 멀리서 응원해주신 분도 고마워요😘  #RYO #poppop,neutral
2025-04-19,뮤빗도 모으고 있지요???,curious
2025-04-19,숨바꼭질 이제 봤는데 사쿠가,neutral
2025-04-19,신입사원들이 울지도 않고뉴스를 poopop 잘 전해주네요💕,neutral
2025-04-19,"[SUB] ""여러분 믿으면 안 돼요 vs 저는 진실을 얘기했어요"" 엔시티 위시의 폭로전(?) | 아이돌 인간극장",curious
2025-04-19,sbn 앵콜때 제대로 힙레춘닼ㅋㅋ,positive
2025-04-19,엠카 정보🌟,neutral
2025-04-19,오늘 의상 너무 예쁘다,positive
2025-04-19,[음중직캠] NCT WISH (엔시티 위시) – poppop FullCam,neutral
2025-04-19,가요광장 14일 월요일 게스트는 1시에 출연 했어,neutral
2025-04-19,팝팝 팝츄 재희 포카 -> 💚 : 리쿠 or 사쿠야,neutral
2025-04-19,오늘 리스닝 파티에 함께 poppop 터지는 시간을 보내봐요🫧 @STATIONHEAD 에서 만나요!,neutral
2025-04-19,[입덕직캠] 엔시티 위시 직캠 4K 'poppop' (NCT WISH FanCam),neutral
2025-04-19,NCT WISH (엔시티 위시) - poppop | Show! MusicCore,neutral
2025-04-19,"초회한정 포카 교복 재희 -> 재희, 료",neutral
2025-04-19,4/21 월요일 가요광장 라디오 (보라),neutral
2025-04-19,오늘 음중 다른 곳보다 응원법 선명하게 잘 들린 것 같은데,neutral
2025-04-19,헐 오늘 음중 팝팝무대도 미쳤는데?ㅋㅋㅋㅋㅋ,positive
2025-04-19,음중 인터뷰도 귀엽다ㅋㅋㅋㅋㅋ,positive
2025-04-19,나 애들 진짜 좋아하는뎈ㅋㅋㅋㅋ애들 입맛은 진짜 존중 못 하겠다....,positive
2025-04-19,팝팝 포토북 초회 료 다른버전으로 교환찾아!,neutral
2025-04-19,"팝츄 포카 재희or료, 띠부 사쿠야 -> 시온 구해!",neutral
2025-04-19,톡파원 재방 보고 있었는데 광고로 위시 메가커피 나와서 놀람ㅋㅋㅋㅋㅋ,positive
2025-04-19,우시 채팅 넘 기엽다,neutral
2025-04-19,겁쟁이덬인데 외부 컨텐츠 중에 숨바꼭질 최애됐어ㅋㅋ,positive
2025-04-19,팬미 응모할거야?,curious
2025-04-19,애들 먹는 얘기해주는거 고맙고 넘 귀엽지 않아?ㅋㅋㅋㅋㅋ,positive
2025-04-19,리쿠 타자도 많이 늘었네ㅋㅋㅋㅋㅋ,positive
2025-04-19,무모샵 응모 이거 인원은 안나와있는데,neutral
2025-04-19,뭔가 뮤직웨이브 자꾸 와주는 거 좋아,positive
2025-04-19,잠시 후! NCT WISH가 멜론 뮤직웨이브에 깜짝 등장합니다! 시즈니 우리 같이 이야기 나눠요!,neutral
2025-04-19,애들 멜뮤웨 또와줌,neutral
2025-04-19,하 내가 살다살다 이런부탁을,neutral
2025-04-19,우리 스밍 진짜 오프 화력에 조금만 들아줘도,neutral
2025-04-19,[Replay] NCT WISH 'poppop' Countdown Live,neutral
2025-04-19,사녹 궁금한더 물어봐두 될까?,curious
2025-04-19,아니 잠실 세븐 어케 들어가아 되는거야???,curious
2025-04-19,팅글썰롱 노캔 끼고 들으니까 진짜 좋네,positive
2025-04-19,팅글썰롱 이제봄,neutral
2025-04-19,영고댕ㅋㅋㅋㅋㅋㅋ,positive
2025-04-19,재희는 진짜 기절 안한게 다행일 정도네ㅋㅋㅋㅋㅋ큐ㅠㅠ,positive
2025-04-19,사쿠야 용기의 젓가락ㅋㅋㅋㅋㅋㅋㅋㅋㅋㅋ,positive
2025-04-19,엠넷에서 숨바꼭질 시작한다,neutral
2025-04-19,무모샵 미공포 봐,neutral
2025-04-19,저거 미팬 실내에서 본 즈니들,neutral
2025-04-19,팝츄 배송온대,neutral
2025-04-19,잠실점 세븐일레븐 6장 사면 세트로 맞춰주냐,neutral
2025-04-19,초회한정 윙크리쿠 > 교복유우시 구해봐 🥺,neutral
2025-04-19,미팬 실내로 바뀐건가??,curious
2025-04-19,선배님이랑 전야 추는 유우시 행복맥스고양이,neutral
2025-04-19,엠넷플러스 큰화면으로 보는방법 없어?,curious
2025-04-19,ㅁㅊ 숨바꼭질 2부에서 팔척 귀신 (ㅅㅍ),neutral
2025-04-19,입덕문,neutral
2025-04-19,늦덕인데 진짜 순진한 질문하나만 해도돼?,curious
2025-04-19,아 웃으면 안되는데 숨바꼭질 사쿠야때문에 진짜 미치겠다,positive
2025-04-19,일본 팬미 얼른 당첨발표 났으면 좋겠다..,positive
2025-04-19,도쿄말고도 다른데서 팬미하려나..?,curious
2025-04-19,숨바꼭질 엠넷플러스앱에서 나온거랑 엠넷 방송으로 송출된거랑 똑같은거야?,curious
2025-04-19,오늘부터 엠카 투표다!!!,neutral
2025-04-19,내일 오전에 비오면 미팬 취소인가본데,neutral
2025-04-19,숨바꼭질 ott 엠넷 앱이야??? 티빙에 없네,curious
2025-04-19,[#엠카운트다운] EP. 885 사전 투표 진행 중 🗳️,neutral
2025-04-19,진짜 존잼이다 사쿠야 독백 너무 웃기고 놀라는거 너무 귀엽고,positive
2025-04-19,숨바꼭질 너무 재밌었어ㅋㅋㅋㅋㅋ,positive
2025-04-18,근데 애들 똑똑이,neutral
2025-04-18,사쿠 공포 컨텐츠에 섭외 잘될거같다...,neutral
2025-04-18,아니 사쿠 ㅜㅠㅠㅠ,sadness
2025-04-18,벨소리 아니어도 다보인단다 얘얔ㅋㅋㅋㅋㅋ,positive
2025-04-18,아 사쿠 야바이ㅋㅋㅋ 모든 상황이 억까야,positive
2025-04-18,힘재희ㅋㅋㅋㅋㅋㅋㅋㅋ,positive
2025-04-18,아니 힘으로 버텼엌ㅋㅋㅋㅋㅋㅋ,positive
2025-04-18,하씨 저 귀신님이 무빙을 너무 잘하셔,positive
2025-04-18,사쿠야 훤히 다 보이는뎈ㅋㅋㅋㅋ,positive
2025-04-18,리쿠 저때 귀엽고 안쓰러워ㅠㅠㅠㅠㅠ,positive
2025-04-18,리쿠 땀나서 어쩌냐ㅠㅠㅠㅠㅠ,sadness
2025-04-18,아이고 리쿠 더워ㅠㅠ,sadness
2025-04-18,으아앙료,neutral
2025-04-18,저때 료 안움직였으면 안걸렸을텐데ㅠㅠㅠㅠㅠ,sadness
2025-04-18,사쿠 무서워도 시오니형 살리겠다고 나왔는데,neutral
2025-04-18,고양이 둘 냅다 숨어있음ㅋㅋㅋㅋㅋ,positive
2025-04-18,아니 애가 저렇게 공포스러워 하는데도 시온이 살리겠다고 나간거봐ㅠㅠㅠㅠㅠ,sadness
2025-04-18,사쿠 내적갈등하는겈ㅋㅋㅋㅋㅋ,positive
2025-04-18,시온이 뭐얔ㅋㅋㅋㅋ,positive
2025-04-18,재밋다 심장 개쫄깃,positive
2025-04-18,아 귀신개무섭다ㅋㅋㅋ 나도 리쿠표정됨,positive
2025-04-18,아니 시온아,neutral
2025-04-18,앨범구매처,neutral
2025-04-18,사쿠 포카 잘 아시는 분....,neutral
2025-04-18,이와중에 추억 회상하는 우싴ㅋㅋㅋㅋㅋㅋㅋ,positive
2025-04-18,술래 무슨 파묘도 아니고,neutral
2025-04-18,재희는 진짜 비명 지를만했어 ㅠㅠ,sadness
2025-04-18,재희 무섭다면서 혼자 잘 다니네 생각보닼ㅋㅋ,positive
2025-04-18,날 밝을때 보고싶어...,neutral
2025-04-18,덬들 떡밥 다 소화하고 있어?,curious
2025-04-18,사쿠 울것 같은뎈ㅋㅋㅋㅋㅋ,positive
2025-04-18,팝츄 완전 실물파다,neutral
2025-04-18,숨바꼭질 시작부터 무서운데,sadness
2025-04-18,아 팅썰 진짜 재밌다,positive
2025-04-18,♡ 𝙀𝙣𝙙𝙞𝙣𝙜 𝙁𝙖𝙞𝙧𝙮 𝘾𝙤𝙡𝙡𝙚𝙘𝙩𝙞𝙤𝙣🧚 NCT WISH - poppop✨ 엔딩요정컬렉션,neutral
2025-04-18,[OFF AIR] 팔방미인 리더부터 너무 깜찍한 막내까지 🫧NCT WISH🫧의 팝팝한 순간들을 모아왔zip💚,neutral
2025-04-18,숨바꼭질과 팅글썰롱의 축복이 끊이질 않는 하루의 마무리! 쿠우쿠우즈 투샷 셀카 도착 ( ˆ◝ ·̫ ◜ˆ ) ♡ /ᐠ .  ̫ . ᐟ\ꕀෆ,neutral
2025-04-18,서로 메컵 꽤괜~ 해놓고 마음엔 안들었대,neutral
2025-04-18,마음에 안들었댘ㅋㅋㅋㅋ,positive
2025-04-18,시온 위버스 포스트,neutral
2025-04-18,유우시가 리쿠한테 썼던 크리스마스 편지 읽어주는거ㅠㅠㅠㅠ,sadness
2025-04-18,젤리사이즈뭐지,neutral
2025-04-18,리쿠 입술에만 몇개를 바르고 지우는거야ㅋㅋㅋㅋㅋㅋㅋ,positive
2025-04-18,역시 다들 을며들었어,neutral
2025-04-18,헐ㅋㅋ같이코로나격리라니..몰랏어,positive
2025-04-18,[얼빡직캠 4K] 엔시티 위시 'poppop' (NCT WISH Facecam) @뮤직뱅크(Music Bank) 250418,neutral
2025-04-18,소꿉놀이 하는고 같앸ㅋㅋㅋㅋㅋ,positive
2025-04-18,아니리쿠얼굴피곤해졋자낰ㅋㅋㅋ,positive
2025-04-18,아니 리쿠 코갘ㅋㅋㅋㅋㅋㅋ,positive
2025-04-18,아니 유우싴ㅋㅋㅋㅋ리쿠를 판다로 만들고 있어ㅋㅋㅋㅋㅋㅋㅋㅋ,positive
2025-04-18,아이섀도 볼에 바르깈ㅋㅋㅋㅋㅋ,positive
2025-04-18,메컵하는거 개웃기다ㅋㅋㅋㅋㅋㅋㅋㅋㅋㅋㅋ,positive
2025-04-18,팅글썰롱 시작했당 히히,neutral
2025-04-18,리쿠 위버스 포스트,neutral
2025-04-18,p🫶pp🫶p,neutral
2025-04-18,[팅글썰롱] ASMR로 듣는 '엔시티 위시 리쿠&유우시가 친해진 계기는?' | NCT WISH 리쿠&유우시 편,curious
2025-04-18,덬들아 사녹 음원 다운 개별곡 이거 맞지?,curious
2025-04-18,잠시 후! NCT WISH가 멜론 뮤직웨이브에 깜짝 등장합니다! 시즈니 우리 같이 이야기 나눠요!,neutral
2025-04-18,쇼챔 투표 지금 하는거 맞아?,curious
2025-04-18,슨배림 1위 영상에 위시ㅋㅋㅋㅋ,positive
2025-04-18,[K-Choreo 8K HDR] 엔시티위시 직캠 'poppop' (NCT WISH Choreography) 🎧공간음향.Ver,neutral
2025-04-18,인가 뜸....,neutral
2025-04-18,안녕하세요 미당아티스트입니다,neutral
2025-04-18,리쿠 도대체 태국가서 뭘먹었길래,neutral
2025-04-18,사쿠 넘 놀라쪄..,neutral
2025-04-18,위츄팝츄 그냥들고다녀??,curious
2025-04-18,숨바꼭질에서 료가 재희한테 형이찾았어? 말한거듣고,curious
2025-04-18,담주 엠카는 신청도 못하는데 아직까지 미당이라니,neutral
2025-04-18,오늘 영통 포카 뮤뱅 착장이라 샀다....,neutral
2025-04-18,🏫👻ᝰ.ᐟ😱,neutral
2025-04-18,숨바꼭질 넘 재밋다,positive
2025-04-18,음중 1위 가능할까.......,neutral
2025-04-18,poppop poppop poppop poppop poppop,neutral
2025-04-18,팝츄 받으니까 더 사고 싶다.....,neutral
2025-04-18,예사 팝츄 배송 알림톡 왔다,neutral
2025-04-18,[K-Fancam] 엔시티 위시 직캠 'poppop' (NCT WISH Facecam) @뮤직뱅크(Music Bank) 250418,neutral
2025-04-18,NCT WISH 엔시티 위시 'poppop' Dance Practice,neutral
2025-04-18,오늘 아침부터 녹화보러 와주신분들 감사합니다！덕분에 힘이 많이 났어요！앞으로 음악방송도 열심히 할게요！ pop pop pop pop ！#YUSHI (250418 뮤직뱅크),neutral
2025-04-18,장어덮밥인데 장어가 안보여서 걍 비빔밥인줄ㅋㅋㅋㅋㅋㅋㅋㅋ,positive
2025-04-18,사쿠 포스터에서 이상한거 감지하고 먼저 튀튀한거 진짜,neutral
2025-04-18,마크형이 사 준 장어덮밥,neutral
2025-04-18,아 숨바꼭질 사쿠,neutral
2025-04-18,🫑🌟🫑🌟,neutral
2025-04-18,웁스 떠도 들어가는 경우 있대서 hoxy..?했지만,curious
2025-04-18,59초 찍히는거 보자마자 눌렀는데,neutral
2025-04-18,진심 늦게넣으면 웁스 일찍넣으면 59분,neutral
2025-04-18,나 여태 다 웁스 나왔는데 이거 맞냐,neutral
2025-04-18,아 일찍들어간거같아...,neutral
2025-04-18,로딩 무엇...,neutral
2025-04-18,안녕하십니까 웁스아티스트입니다,neutral
2025-04-18,미팬 몇시에 시작할 것 같아?,curious
2025-04-18,쫀득쿠키 먹는 리쿠 ㄱㅇㅇ,neutral
2025-04-18,이사진 정말 웃기네요,positive
2025-04-18,엠넷 플러스 미러링이 안되네,neutral
2025-04-18,22일에 샀는데 25일출고예정ㅋㅋㅋㅋ 한달이나...,positive
2025-04-18,아니 애들 컨텐츠 챙겨보다가 내가 못자게 생김ㅋㅋㅋ,positive
2025-04-18,poppop - NCT WISH (엔시티 위시) [뮤직뱅크/Music Bank] | KBS 250418 방송,neutral
2025-04-18,sbn 뮤뱅 1위 앵콜 무대도 올라오면 챙겨봐야지,neutral
2025-04-18,와 대영이 살려,neutral
2025-04-18,오늘 착장 포카 나오면 지를것.....,neutral
2025-04-18,뮤뱅 ㄹㅈㄷ로 이쁘다,neutral
2025-04-18,PHOTOISM X NCT WISH ARTIST FRAME OPEN !,neutral
2025-04-18,위즈니 스케줄 또 끼네,neutral
2025-04-18,TVCF가 또 있을지 몰랐어...  여름시즌 ver. MEGA 청량급 NCT WISH 메가MGC커피 CF가 곧 공개 됩니다 ^_^ 어디서?,curious
2025-04-18,(Interview) Interview with NCT WISH [Music Bank],neutral
2025-04-18,어사즈를 6인 다 줘?,curious
2025-04-18,쿠우쿠우즈 옷도 상징색으로 입힌거 같은디,neutral
2025-04-18,오늘 윳냥이 기분 되게 좋아보인다 ㅋㅋㅋㅋ,positive
2025-04-18,인터뷰 귀여워 ㅋㅋㅋㅋ,positive
2025-04-18,정말 모두가 기다려온 (오래 기다리셨습니다🥹) 쿠우쿠우즈의 팅글썰롱! 잠시 후 밤 10시 최초공개❤💙,neutral
2025-04-18,인터뷰 나온다,neutral
2025-04-18,아나 유우시 ㅋㅋㄱ,positive
2025-04-18,럭드 어디어디샀옹?,curious
2025-04-18,올엠디 가송장 찍는다는거 어떤 제품이야???,curious
2025-04-18,종이학 접는다는 덬인데,neutral
2025-04-18,초동 안 중요 해?,curious
2025-04-18,예사에서 산 거 25일 넘어서 배송 온다고 연락옴 아 슬퍼,neutral
2025-04-18,요즘 송장만 찍으면 반영 안되는데 저 업체 그냥 환불해주기 싫어서 저러는 거 같음,neutral
2025-04-18,올엠디 송장 ^^,neutral
2025-04-18,음중 미팬 현장 가려는 사람 있어?,curious
2025-04-18,위츄도 혹시 초동 들어가?,curious
2025-04-18,[🗳] #입덕직캠 썸네일 투표 OPEN,neutral
2025-04-18,핫트 팝츄도 배송 시작,neutral
2025-04-18,[🎥] KNOW ABOUT #NCTWISH #YUSHI #SAKUYA 🫧₊*｡⁺✩,neutral
2025-04-18,예사에서 산 팝츄 출고작업중으로 넘어갔다,neutral
2025-04-18,헐 인가 사녹 두번해,neutral
2025-04-18,와우 담주 인가 안하니까 다담주꺼 미리 녹화 하네ㅠㅠ,sadness
2025-04-18,막상 팝츄 달고다니려니까 뭔가 불안하지 왜,neutral
2025-04-18,"초회한정, 포토북, 쥬얼 포카 교환 구해!",neutral
2025-04-18,위츄쿠션 위츄드림캐쳐 재판 ㅅㅊ,neutral
2025-04-18,팝츄 오늘 1차적 입고분  출고되었나보네,neutral
2025-04-18,내 팝츄 4월 말로 밀려났구나,neutral
2025-04-18,위츄로 된거 다 샀었는데,neutral
2025-04-18,ㅇㅇㅅ? 우앙 피아노 커버하신거 스토리올라옴,curious
2025-04-18,사녹 갔다온 기분이야,neutral
2025-04-18,"NCT WISH 시온·재희, ‘개그콘서트’ 깜짝 출연..개그도 되는 ‘만능돌’ - 20일 방송",neutral
2025-04-18,이번 활동 애들 전체적으로 춤이 더 늘은거 같지 않아?,curious
2025-04-18,어제 리스닝 파티,neutral
2025-04-18,이번 어사즈는 빨리 줄꺼 같아,neutral
2025-04-18,우리 지금 인급동 영상들!!,neutral
2025-04-18,지방러인데 오프 핫트랙스에 가면 쥬얼버전을 원하는 멤버로 살 수 있어?,curious
2025-04-18,지금 교정중인 멤버 있어?,curious
2025-04-18,요즘 집에 택배가 앨범오고 굿즈오고 앨범오고 굿즈오고 이러고 있음ㅋㅋㅋㅋ,positive
2025-04-18,나중에 위츄팝업 열어도 재밌을거가튼데,positive
2025-04-18,"팝팝 초회한정, 포토북 포카 교환 구해!",neutral
2025-04-18,팝츄 추가구매했어ㅋㅋㅋㅋ,positive
2025-04-18,올엠디 송장 두개 준다는 말이야?,curious
2025-04-18,엠넷플러스에서 숨바꼭질 6시에 보는 거 뭐 이용권 없어도 되는 건가?,curious
2025-04-18,올해 플랜 어케될거같아?,curious
2025-04-18,let my feeling go 🫧,neutral
2025-04-18,어사즈 시온이 했을때 릴스 올라오고 한달뒤에 본편 올라왔었네,neutral
2025-04-18,마크리쿠 어사즈 오나....?,curious
2025-04-18,poppop with,neutral
2025-04-18,팝츄 왔다 퇴근하고 싶다,neutral
2025-04-18,feels like 1999,neutral
2025-04-18,공방 위츄버전,neutral
2025-04-18,예사 팝츄는 왜 소식도 없냐고ㅠㅠ,sadness
2025-04-18,예사야 내 팝츄를 다오.....,neutral
2025-04-18,[FOCUS ON FACE] NCT WISH 'poppop' | MOVE TO PERFORMANCE,neutral
2025-04-18,🌳 편의점 갖고 되나?!,curious
2025-04-18,키트스토어에서 어제 산 팝츄 오늘 벌써 왔어 ㄷㄷ,neutral
2025-04-18,Copy Cookie🍪 '너 애기야?'라고 했을 때 엔시티 위시의 텔레파시력은?👯‍♀ | #MOVE_TO_PERFORMANCE,curious
2025-04-18,위클리 엠카픽 투표!!!!!!!!!,neutral
2025-04-18,케타포 팝츄 배송출고대기,neutral
2025-04-18,팝츄 빨리 받을수 있는곳 알려준 독방덬 진짜 고마워 ㅠㅠ,sadness
2025-04-18,리쿠 도베르만 추구미 넘 귀여움,positive
2025-04-18,팝팝 아웃이에요오ㅠㅠㅠㅠ,positive
2025-04-18,내일 세븐일레븐하러 잠실가는 경기러.....,neutral
2025-04-18,유우시 눈썹 다듬은거 같은데 너무 예뿜,neutral
2025-04-18,모자 씌웠더니 뭔가 웃기고 귀여워,positive
2025-04-18,치즈볼즈 닮았다는말 나만 영원히 공감 못했었는데,neutral
2025-04-18,광야에서 앨범사도 럭드 주는거 맞아??..,curious
2025-04-18,뭔가 리쿠 쉬고와서 더 탔나 싶었는데ㅋㅋㅋㅋ,positive
2025-04-18,ㅇㅇㅅ 나 벌레 진짜 싫어하는데 듀듀바바 외치니까 잡을 때 덜 무서워짐;;ㅋㅋ,positive
2025-04-18,텐션을 올려주는 노래: 디즈니랜드 주차장 bgm,neutral
2025-04-18,당첨이야 음중,neutral
2025-04-18,우시ㅋㅋㅋㅋㅋ 료 귀엽고 말 잘 듣고 귀여우니까,positive
2025-04-18,유료즈 왤케 감동 심해..,neutral
2025-04-18,쥬얼 개인반 재희 -> 리쿠 교환 원해,neutral
2025-04-18,포토북 11장을 깠는데 료 접지 한 장도 안 나옴 ㄹㅈㄷ,neutral
2025-04-17,"팝팝 포토북 접지 교환) 리쿠2 ▶️ 시온, 유우시",neutral
2025-04-17,헐 나 웁스였는데 당첨임,neutral
2025-04-17,역시나 미당인생,neutral
2025-04-17,음중 결과 보러 가,neutral
2025-04-17,미팬까지 있는거 폼림 망했다싶으니까 더 슬퍼,neutral
2025-04-17,ρღρρღρ ᨼ ᩚ  #poppop,neutral
2025-04-17,히로세 몰래 유우시를 아끼는게 너무 웃김ㅜ,positive
2025-04-17,웁스 얘 표정이 제일 킹받아,neutral
2025-04-17,사쿠야 위츄,neutral
2025-04-17,웁스떠도 신청됨으로 되어있으면 희망을 끈을 놓지 말아봐,neutral
2025-04-17,웁스 떴는데 걍 신청됨이라도 보고싶어서 헛웃음지으면서 신청 넣었어,positive
2025-04-17,혹시 빨리들어간 사람 있음?,curious
2025-04-17,이틀 연속 웁스는 너무하지 않나요,neutral
2025-04-17,오늘 로딩 ㄹㅈㄷ다,neutral
2025-04-17,웁스 진짜 웁스네,neutral
2025-04-17,덬들은 샤워순서 누구랑 제일 비슷해?ㅋㅋㅋ,positive
2025-04-17,미안한데 숨바꼭질 어디서 보는거야..?,curious
2025-04-17,아 료깅 영화추천 부분에서,neutral
2025-04-17,어머ㅠㅠ 료ㅠㅠ 우시가 확 웃을때 감동이 크대ㅠㅠ 웃음을 보고싶대ㅠㅜ,positive
2025-04-17,키링 졸업식 너무 재밌다 자꾸 냄새 맡아 사쿠ㅋㅋㅋㅋ,positive
2025-04-17,오늘 료 리스닝파티에서,neutral
2025-04-17,나 너무... 따라가기 벅차,neutral
2025-04-17,애들 점점 더 웃겨ㅠㅠ,positive
2025-04-17,아 오늘 레전드 귀여움... ㅠㅠ,positive
2025-04-17,레모네이드 톡톡 퀘스천 pop!☁︎⸍꙳ | レモネード·トクトク·クエスチョンpop！☆ | poppop Enqueteミ⛧,neutral
2025-04-17,sbn 곡 힙레버전 칼군무로 연습해 가겠대,neutral
2025-04-17,아까 연습영상 찍었다고?,curious
2025-04-17,급식모자랰ㅋㅋㅋ,positive
2025-04-17,인스타 둘러보기하다 봤는데 뉴팀시절 새삼 애기였다...,neutral
2025-04-17,Wait for the end,neutral
2025-04-17,숨바꼭질 순대꼭질 수도꼭지,neutral
2025-04-17,아 존나웃겨,positive
2025-04-17,꩜ poppoppoppop ꩜,neutral
2025-04-17,위시 드려요? 위시 달아요. poppop 터지는 선공개 영상 오픈합니다✨  토요일(4/19) 9pm 최초 공개💖,curious
2025-04-17,˚₊✩‧₊ Feeling go pop ˚₊✩‧₊ & 250417 엠카 첫방 소감,neutral
2025-04-17,상징색에 진심인 거 너무 좋다고 소신발언,positive
2025-04-17,지금 하고 있는 리스닝 파티 있잖아,neutral
2025-04-17,250416~250420 poppop 뮤직웨이브 채팅,neutral
2025-04-17,"💬 NCT WISH invites you to a special LIVE ""poppop"" Listening Party",neutral
2025-04-17,포토북 초회한정 재희->리쿠 교환 구해요🫧,neutral
2025-04-17,나랑  포토북/초회한정 교환하자아,neutral
2025-04-17,시온이 왤케 웃겨 ㅋㅋㅋㅋ,positive
2025-04-17,네오센터 일 잘한다🥹,neutral
2025-04-17,잠시 후! NCT WISH가 멜론 뮤직웨이브에 깜짝 등장합니다! 시즈니 우리 같이 이야기 나눠요!,neutral
2025-04-17,250417 poppop MPD직캠 비하인드,neutral
2025-04-17,나도 앨범깡 올려봐(feat.럭드),neutral
2025-04-17,헐 맠sbn 버블에 리쿠얘기,neutral
2025-04-17,순간뽀짝 위츄냄새로 찾는거 뭐얔ㅋㅋㅋㅋㅋ,positive
2025-04-17,새벽 사녹이니까 끝나고 아침에 미팬하려나?,curious
2025-04-17,진짜 미팬 한번이라도 가보고싶다,neutral
2025-04-17,토요일 비 안오길..,neutral
2025-04-17,오래 기다리셨습니다  카이X유우시 '전야' 챌린지 제출합니다🫡 ㄴ아기 엑소엘 유우시..진짜 축하해(ര ̫ര ͈) ⊹`𓈒,neutral
2025-04-17,샄민수 고민하던 키링 결국 샀다..,neutral
2025-04-17,2025 NCT WISH ASIA TOUR LOG in SEOUL Recap Video,neutral
2025-04-17,'최초 공개' NCT WISH - poppop #엠카운트다운 EP.884,neutral
2025-04-17,미팬한다,neutral
2025-04-17,🥐’s 키링졸업식,neutral
2025-04-17,"팝팝 포스터 료,사쿠야 -> 리쿠 로 교환",neutral
2025-04-17,나 세븐일레븐 포카 드볼했듴ㅋㅋㅋㅋ,positive
2025-04-17,[MPD직캠] 엔시티 위시 직캠 8K 'poppop' (NCT WISH FanCam),neutral
2025-04-17,난 음방은 온에어가 안되더라 ㅋㅋㅋㅋ,positive
2025-04-17,엠카 팝팝 시작한다,neutral
2025-04-17,이제 틀었는데 애들 나왔어??ㅠㅠ,sadness
2025-04-17,"팝팝 초회한정,쥬얼 포카->시온💚 교환 구해!!",neutral
2025-04-17,"NCT WISH 사쿠야 ""키링 졸업식에 초대합니다"" #순간뽀짝세상에이런아이돌이",neutral
2025-04-17,무모샵 재입고 되었나봐!,neutral
2025-04-17,시오닝 귀 뚫었나? 애들 넘 기엽다 ㅠㅠ,sadness
2025-04-17,듀듀듀 바바바 디디디 자막 달린거 개웃긴데,positive
2025-04-17,엠카 컴백 인터뷰 너무 귀욥다ㅋㅋㅋㅋㅋㅋ,positive
2025-04-17,[4K] 성장하는 남자 왕쿠냥🐈‍⬛이니까 왕크게보는 💗왕크왕캠💗 NCT WISH 리쿠(RIKU)✨,neutral
2025-04-17,"NCT WISH 리쿠&유우시의 팅글썰롱 웰컴 게임! 리쿠 vs 유우시, 애교할 때 더 귀여운 사람은?",positive
2025-04-17,엠카운트다운 트위터,neutral
2025-04-17,돌박이일 X NCT WISH 'poppop' 챌린지 (시온 리쿠 유우시),neutral
2025-04-17,팝팝 일간 101위야 충분히 올라갈 수 있다,neutral
2025-04-17,인가 하드털이 [만우절 하드털이] 똥개zip (1),neutral
2025-04-17,내 앨범들은 언제오는걸까 ㅠㅠ,sadness
2025-04-17,"초회한정 시온, 리쿠->유우시, 재희 교환 구해!(재희 마감)",neutral
2025-04-17,독방에서 보고 산 팝츄 배송 개빨라..ㄷㄷ,neutral
2025-04-17,🫱ᑭOᑭ🫲,neutral
2025-04-17,이 영상 어디에 뜬거야??,curious
2025-04-17,위시덕에 세계가 넓어지는기분ㅋㅋㅋㅌ,positive
2025-04-17,초회한정 나:리쿠 -> 덬:사쿠,neutral
2025-04-17,공방 준비물 포토북 앨범 포스터랑 포카는 안가져가도 괜찮아??,curious
2025-04-17,멜론 TOP100 차트아웃 위기래,positive
2025-04-17,NCT ZONE 시온의 신규챕터,neutral
2025-04-17,"포토북 리쿠,료,재희 <-> 💚 유우시",neutral
2025-04-17,우리 이것도 오늘 하는건가??,curious
2025-04-17,위츄 팝츄 앨범 디테일 같이 보는데 진짜 사고싶게 생겼다,neutral
2025-04-17,poppopin',neutral
2025-04-17,📻🫧  #poppop,neutral
2025-04-17,"초회한정(완료), 포토북 포카 교환 구해💚",neutral
2025-04-17,의상 바지 포인트 넘 ㄱㅇㅇ,neutral
2025-04-17,위츄 캐릭터 개취로 극호인 부분이,neutral
2025-04-17,"팝팝 초회 교환구해봐! (재희,료 > 다른버전으로!)",neutral
2025-04-17,아까 팝츄 올려준 덬 누구니 진짜🥹,neutral
2025-04-17,팝츄가 빤딱빤딱하네,neutral
2025-04-17,𝟐𝟓𝟎𝟒𝟏𝟕 𝑶𝒖𝒕𝒇𝒊𝒕 𝑶𝒇 𝑻𝒉𝒆 𝑴𝑪𝑫 : 𝑶𝑶𝑻𝑴 with NCT WISH,neutral
2025-04-17,ദ്ദി(˵ •̀ ᴗ - ˵ ) ✧#SAKUYA,neutral
2025-04-17,🏫🌸🏫🌸#RIKU #YUSHI #JAEHEE,neutral
2025-04-17,🦊 & 🐰#SION #RYO,neutral
2025-04-17,포토북 초회반 포카 교환 구해봐!! 💚,neutral
2025-04-17,Turn Cookie🍪 엔시티 위시에서 가장 귀엽고 예쁜 멤버한테 넘길게요🫧 |,positive
2025-04-17,나 독방에서 알려준 곳에서 팝츄 샀는데 재고 추가로 들어왔나봐 당일출고 된대!! (온라인),neutral
2025-04-17,[𝙋𝙃𝙊𝙏𝙊 𝙆𝙊𝘿𝙀]  #포토코드 유우시가 앞니 플러팅을 선보이면 카이는 귀엽다는 듯 웃기 기술을 보여줌 😬❤️🤣 이 바람직한 조합 앞으로도 계속되...(평서문),positive
2025-04-17,이번에 하자 교환하기 어렵네 ㅠㅠ,sadness
2025-04-17,[Original] NCT WISH (엔시티 위시) SUMBAKKOKJIL(숨바꼭질) D-1 메시지💌,neutral
2025-04-17,위시 코어,neutral
2025-04-17,시온이 이번주 인가 스페셜 엠씨!!,neutral
2025-04-17,료는 산리오 모에화 뭐있어??,curious
2025-04-17,커플곡으로 밈프 진짜 안하나보네ㅠㅠ,sadness
2025-04-17,엠카 사녹 후기 짹펌 (ㅅㅍ?),curious
2025-04-17,팝츄 포카 재희 -> 리쿠 나 유우시구해!! 💚,neutral
2025-04-17,난 사실 한국말 맞추기로 입덕이야,neutral
2025-04-17,유우시가 '늦둥이' 말하는거 보고 깜놀,neutral
2025-04-17,1주년 엠디 턴테이블 후기,neutral
2025-04-17,온리유 얼굴합이 행복해,neutral
2025-04-17,오늘 사녹 몇시야?,curious
2025-04-17,"포토북: 나: 사쿠야 포스터, 재희 컨포 💚: 시온, 유우시 포스터,컨포",neutral
2025-04-17,프사 바꿔야겠다,neutral
2025-04-17,이 부분 진짜좋다,positive
2025-04-17,- ̗̀ pop pop ̖́-,neutral
2025-04-17,주인공은 너와 나야 ✩‧₊˚,neutral
2025-04-17,쥬얼개인 유우시➡️ 쥬얼단체 리쿠/위츄 리쿠 교환 구해!,neutral
2025-04-17,아이폰 화면에 꽉찬다 우왕,neutral
2025-04-17,팝팝 타이틀곡 무대 기대된다,neutral
2025-04-16,[MOVE TO PERFORMANCE] NCT WISH(엔시티 위시) - poppop (4K),neutral
2025-04-16,도쿄돔에서(꿈은 크게) 실리댄스하면서 도롯코 도는 상상,neutral
2025-04-16,ㅂㅇㅅ) 혹시 비공굿 인형? 잘 아는 덬 있을까,curious
2025-04-16,초회한정 유우시->리쿠 구해!!,neutral
2025-04-16,"포토북 초회 교환 원해! (재희,료 > 사쿠야)",neutral
2025-04-16,"포토북, 초회한정 포카 교환 구해",neutral
2025-04-16,"초회, 포토북, 쥬얼 포카 교환 구해💚",neutral
2025-04-16,초회한정 시온 ➡️ 유우시 구해!,neutral
2025-04-16,포토북 포카 교환(나: 리쿠 덬: 유우시) 💚,neutral
2025-04-16,무대가 특히 기대되는 수록곡은?,curious
2025-04-16,포토북 포카교환 료=>유우시 💚,neutral
2025-04-16,포토북 리쿠/ 유우시-> 쥬얼시온,neutral
2025-04-16,여러분의 애햄이 그게 나야,neutral
2025-04-16,(완료) 포토북 포스터 유우시 ➡️ 리쿠,neutral
2025-04-16,포토북 리쿠->유우시 💚,neutral
2025-04-16,1주년 굿즈 진짜 귀엽다,positive
2025-04-16,엠사 시청자위원회 모집한다 같이 하자,neutral
2025-04-16,포카 교환 원해!!!!💚,neutral
2025-04-16,(완료)포토북 초회한정 유우시 ➡️ 시온,neutral
2025-04-16,포토북 초회/포스터: 리쿠 -> 유우시,neutral
2025-04-16,오늘도 미당😊,neutral
2025-04-16,이따가 뜨는 무브투 썸넬 봐,neutral
2025-04-16,핸즈업 포카 뒷면 검은 잉크 튄거 심하지않아?,curious
2025-04-16,초회 시온/유우시 -> 사쿠야 구해 !,neutral
2025-04-16,덬들아 지금 스밍팀 총공 중,neutral
2025-04-16,핸즈업 포카 재희 다 나왔는데 진짜 핸즈업은 대영이다,neutral
2025-04-16,포토북 포카 리쿠 -> 유우시 교환 원해,neutral
2025-04-16,너무 늦게들어갔다..,neutral
2025-04-16,와오웁스뜸ㅋㅋㅋ,positive
2025-04-16,빨리 들어간것같아,neutral
2025-04-16,웁스 개싫어,neutral
2025-04-16,아니 왜 지금눌러지는거야;;,neutral
2025-04-16,일본팬미 이번꺼 말야,neutral
2025-04-16,교환글 보는 것도 재밌당...,positive
2025-04-16,나도 앨범깡,neutral
2025-04-16,포토북 초회반 료-> 재희,neutral
2025-04-16,"포토북, 초회 교환구해💚",neutral
2025-04-16,공구는 하자 신청 어디에 하면 되는지 아닝,neutral
2025-04-16,나 쥬얼버전 드디어 손에 넣었어!!,neutral
2025-04-16,"에이블리, '위시코어' 룩북 공개…NCT 위시 앨범도 증정",neutral
2025-04-16,(완료)포토북 포카 초회 포스터 시온 재희 료 사쿠야 ➡️ 리쿠 교환 원해💚,neutral
2025-04-16,"포토북, 초회 교환원해💚",neutral
2025-04-16,뮤직웨이브 채팅 계속 해준다 ㅠㅠ,sadness
2025-04-16,포토이즘 오나바!,neutral
2025-04-16,뮤직웨이브 선곡표가 스밍리스트랑 똑같구나?,curious
2025-04-16,내 친구인줄ㅋㅋㅋㅋㅋ,positive
2025-04-16,애들 오니까 수백명 순식간에 늘어나,neutral
2025-04-16,"팝팝 포토북 시온, 재희, 사쿠야 → 유우시",neutral
2025-04-16,스밍.. 스밍 체크해보자🥹,neutral
2025-04-16,"포토북 리쿠, 유우시>시온, 사쿠야 교환 찾아용🫶",neutral
2025-04-16,애기가 오빠 왜케 좋아해ㅋㅋㅋㅋㅋ,positive
2025-04-16,(완료)포토북 초회한정 리쿠 ➡️ 시온,neutral
2025-04-16,쥬얼개인 시온/리쿠/재희 > 유우시 교환 구해!,neutral
2025-04-16,"초회한정, 포토북, 쥬얼, 팝츄 포카/ 포스터 시온,리쿠,재희,사쿠야 → 유우시",neutral
2025-04-16,응모때문에 뮤직웨이브 들어갔는데 가자마자 사쿠야채팅봄ㅋㅋㅋㅋ,positive
2025-04-16,사쿠 멜론 채팅옴,neutral
2025-04-16,핫트 팝츄 재고,neutral
2025-04-16,팅글 이번주엔 티저 뜨겄지???ㅇㅇ,curious
2025-04-16,근데 이번앨범 수록곡 진짜 잘 뽑았다,neutral
2025-04-16,"포토북 포카, 폴딩 포스터 교환할 덬!",neutral
2025-04-16,우리 스밍팀 음원 선물은 안 받지?,curious
2025-04-16,유우시가 한국어 배우면서 '우유' 단어를 알고나서 어땠을까 궁금하다,curious
2025-04-16,포토북 초회한정 뉴팀 포카 나: 재희 -> 💚: 사쿠ㅠㅠ,sadness
2025-04-16,포토북 유우시 -> 사쿠야 교환 찾아요💚,neutral
2025-04-16,이게 뭘까 위버스 디지털멤버십 가입해야하는건가,neutral
2025-04-16,오베이비 댄스~,neutral
2025-04-16,얘들아 진짜 미안한데 도움 요청,neutral
2025-04-16,시온 위버스 포스트,neutral
2025-04-16,유우시 위버스 포스트,neutral
2025-04-16,혹시 이 짤 유우시 언제인지 알 수 있어?,curious
2025-04-16,정오의 희망곡 인스타그램,neutral
2025-04-16,팝츄 오프에서 구할 잇는 곳 있으려나,neutral
2025-04-16,포카 리스트,neutral
2025-04-16,팝팝 초회한정 시온 ➡️ 유우시,neutral
2025-04-16,포토북 초회 재희↔️유우시 구해,neutral
2025-04-16,난 존나 많이 사는데 중복의 여신이여......,neutral
2025-04-16,정오를 시작으로 한국 라디오도 많이 나오면 좋겠어,positive
2025-04-16,라디오 듣다가 방해 받아서 그러는데 애들 최애곡,neutral
2025-04-16,앨범깡 결과!,neutral
2025-04-16,스밍 체크 해보장,neutral
2025-04-16,보이는라디오 이거 좋은거였네....,positive
2025-04-16,"팝팝 초회한정반&앨범포카 교환 시온,재희,리쿠,료 <-> 유우시",neutral
2025-04-16,나 1000때문에,neutral
2025-04-16,아니 자세 잡고 있는데 끄셨엌ㅋㅋㅋㅋㅋㅋㅋ,positive
2025-04-16,얘들아 너무 잘했다,positive
2025-04-16,쿠야 티셔츠에 말티쥬야?,curious
2025-04-16,애들 넘 귀여워 🥹...하 콩알들같어,positive
2025-04-16,첫 라디오인데도 너무 잘했잖니ㅠㅠㅠㅠㅠㅠ,positive
2025-04-16,헐 벌써 끝난다고?,curious
2025-04-16,첫 라디오인데 첫 시작이 너무너무 좋은 것 같아,positive
2025-04-16,이번 수록곡 너무 좋아...,positive
2025-04-16,잘먹어서 귀여움,positive
2025-04-16,치즈치킨 궁금해,curious
2025-04-16,ㅋㅋㅋㅋㅋ우시 왜케 떨어,positive
2025-04-16,유우시 앞니플러팅ㅋㅋㅋㅋㅋㅋㅋ,positive
2025-04-16,마눌 모르는거 같은데,neutral
2025-04-16,실리댄스 좋아요ㅠㅠ 💃🕺,positive
2025-04-16,메뉴 고르는거 흥미진진하다,neutral
2025-04-16,이와중에 셀폰코드 인급동 1위야ㅋㅋㅋㅋㅋㅋ,positive
2025-04-16,우리집도 소키워 시온이 미소,neutral
2025-04-16,진짜 미안한데 없뎈ㅋㅋㅋㅋㅋㅋ,positive
2025-04-16,꺄악 리쿠 왕크왕캠이래,neutral
2025-04-16,오늘 사쿠 넘나 쿵케맨이지,neutral
2025-04-16,유우시 왜 헤드셋 불편하게 써 ㅋㅋㅋ,positive
2025-04-16,난 팝츄밖에 안보여,neutral
2025-04-16,3분 본줄.. 30분 지나갔다고??,curious
2025-04-16,아 료 너무 귀여워 ㅋㅋㅋㅋㅋㅋㅋㅋㅋㅋㅋㅋㅋ,positive
2025-04-16,와 쿠리야,neutral
2025-04-16,사쿠 넘 잘해써여 👏👏,positive
2025-04-16,유우시가 작게 화이팅 한거 들었어?,curious
2025-04-16,아 좋다 캡쳐타임,positive
2025-04-16,아 귀여워 ㅜㅠ,positive
2025-04-16,와 야생화 라이브👏👏,neutral
2025-04-16,재희 넘 잘해땈ㅋㅋㅋㅋ,positive
2025-04-16,나도 노래방에서 춤추는 사쿠 보여줘,neutral
2025-04-16,대단해요우시ㅋㅋㅋㅋㅋㅋㅋ,positive
2025-04-16,6자 토크 왜케 잘해 ㅋㅋㅋㅋ,positive
2025-04-16,재희야 겁나 긴장했는데요,neutral
2025-04-16,아어떡해 긴장했엌ㅋㅋ큐ㅠㅠㅠㅠㅠㅠ,positive
2025-04-16,긴장모찌 긴장해써,neutral
2025-04-16,아 음방가고싶어,neutral
2025-04-16,시온이 머리!!!!,neutral
2025-04-16,헐 시온이 보라색머리다,neutral
2025-04-16,헐 시온이 애쉬퍼플,neutral
2025-04-16,헐 시온이 애쉬퍼플,neutral
2025-04-16,정희 곧 한다,neutral
2025-04-16,사전 투표도 올려주네 와,neutral
2025-04-16,오늘 배송건 2개당!!,neutral
2025-04-16,쥬얼 케이스 깨져서 와서 교환 신청했는데,neutral
2025-04-16,1000 > 994 995 996 이거 발음이 어떻게 되는 거야?,curious
2025-04-16,뭐지? 나 케타포에서 공구탄 팝츄 출발했네?,curious
2025-04-16,포토북 공구 비트로드나 올엠디에서 구매한 덬들 있어??,curious
2025-04-16,메가커피 새 컵홀더 매장에 아직 안들어왔나?,curious
2025-04-16,팝팝 쥬얼 단체 (사쿠야→💚유우시) 구해,neutral
2025-04-16,팝팝 쥬얼 개인 사쿠야 🐼→ 팝팝앨범 아무 유우시 ⭐,neutral
2025-04-16,아 갑자기 생각해보니 chatpoppop이 진짜 전번으로 문자온 게 답장받으려는걸까?,curious
2025-04-16,팝팝 개인쥬얼 사쿠야 -> 시온 교환 구해💚,neutral
2025-04-16,고급진 B급 감성 뮤비를 보니 위시 영상팀이 세계 최고다,neutral
2025-04-16,팝팝 팝츄/단체쥬얼반 교환 구해봐! 나 리쿠 - 💚 유우시,neutral
2025-04-16,부산 롯데는 어땠어?,curious
2025-04-16,스밍 확인💚,neutral
2025-04-16,일본라디오 기차🚄🚄💚,neutral
2025-04-16,애니패스 전화번호 변경 안 되?,curious
2025-04-16,ㅂㅇㅅ 유우시도 로얄매치 광고 보고 깔았을까?,curious
2025-04-16,위시랑 관련없고 더러운 얘기인데 내가 좀 급해서..제로부스트에이드 말야..,neutral
2025-04-16,저 일본 팬미팅 질문..!!,curious
2025-04-16,초회한정 시온/료/재희 -> ❤️사쿠야/유우시 구해,neutral
2025-04-16,일본 팬미팅 장소 고토구래,neutral
2025-04-16,"(완) 팝츄 포카 재희, 사쿠야 ▶️ 시온 교환 구해⭐️",neutral
2025-04-16,스밍팀 음원 총공일정 떴어,neutral
2025-04-15,포토북 포카 리쿠 -> 유우시 / 초회 시온 -> 리쿠 교환 구해 💚,neutral
2025-04-15,사녹때 음원 타이틀만 다운받으면 되는거야?,curious
2025-04-15,리쿠 진짜 열심히 한닼ㅋㅋㅋㅋㅋㅋ,positive
2025-04-15,혹시 팝팝 포카 앨범별로 모아져있는 사진 줄수있는덬?!,curious
2025-04-15,포토북 포카 시온->리쿠 교환 구해💚,neutral
2025-04-15,우리 카운트다운라이브 재방 안나온 거 맞지.??,curious
2025-04-15,초회한정 나: 리쿠 사쿠야 재희 료 ➡️ 💚: 유우시,neutral
2025-04-15,포토북 초회 재희->리쿠 교환 구해요💚,neutral
2025-04-15,선배님 플리에,neutral
2025-04-15,안녕하세요 팝팝프로덕션입니다,neutral
2025-04-15,나도 포토북 앨깡 자랑할래,neutral
2025-04-15,팝츄 포카 료 -> 리쿠 구해!! 💚,neutral
2025-04-15,오프 가서 딱 한장 샀는데 이게 되네 ㅁㅊ,neutral
2025-04-15,팝팝 팝츄 포카 재희->사쿠야,neutral
2025-04-15,아 자컨 너무 재밌다,positive
2025-04-15,"포토북 리쿠,사쿠야,시온,재희,료➡️유우시",neutral
2025-04-15,『poppop』 Opening | オープニング・テーマ | NCT WISH 엔시티 위시 「poppop」,neutral
2025-04-15,료 염색 처음 봤을떼 톤그로라고 셍각했는데..,neutral
2025-04-15,쥬얼 깨진거 꼭 확인해,neutral
2025-04-15,자컨에 애들 말은 시온이형이라고 하는데 자막에는,neutral
2025-04-15,팝팝 위츄 리쿠 -> 사쿠야로 교환 구해💚,neutral
2025-04-15,나밖에 모르던 절친이… 빌런이 되어 나타났다 ψ(ˆ◝ ·̫ ◜ˆ)ψ | 僕しか知らなかった親友が··· 悪党になって現れたψ | 🫧poppop 프로덕션🫧 EP.2,neutral
2025-04-15,"포토북 재희 -> 사쿠야,리쿠 구해요~!",neutral
2025-04-15,포토북 포카 료➡️유우시,neutral
2025-04-15,포토북 초회 시온➡️유우시  구해💚,neutral
2025-04-15,포토북 초회 재희->유우시 교환구해,neutral
2025-04-15,구라 안 치고 작년에 팝업 포함한 모든 폼림 다 떨깅되고 오늘도 하나 적립함,neutral
2025-04-15,포토북 초회 유우시 -> 사쿠야,neutral
2025-04-15,poppop with #TEN #SION,neutral
2025-04-15,엠카 결과나옴,neutral
2025-04-15,쥬얼 이거 어떻게 열어야 잘 열리니ㅠㅠ,sadness
2025-04-15,팝팝 쥬얼 단체 교환 (사쿠야->유우시),neutral
2025-04-15,아니 웁스 이거 진짜 꼴받지 않냐,neutral
2025-04-15,될지 안될지 모르니까 그냥 다 싱청함ㅋㅋㅋ 일본 팬미ㅋㅋㅋㅋㅋㅋ,positive
2025-04-15,ⓟ🅞ⓟ! ⓟ🅞ⓟ! #poppop,neutral
2025-04-15,아니 나는 다시 신청창으로 돌아가더니 지혼자 또 신청됨,neutral
2025-04-15,나 일찍 드간 거 같애 ㅅㅂ,neutral
2025-04-15,겁나 늦게 제출됨^^,neutral
2025-04-15,웁스..,neutral
2025-04-15,사녹폼 왜안뜨지;;,neutral
2025-04-15,1000 료 직캠인데 너무 잘해,positive
2025-04-15,오늘 쇼케 카톡,neutral
2025-04-15,알라딘 실시간 클릭 1위가 팝츄,neutral
2025-04-15,근데 포토북 사진이 진짜 예쁘지않아?,positive
2025-04-15,포토북 초회한정포카는 일반포카랑 같은멤나오는건가?,curious
2025-04-15,응원법 여기 어렵다,neutral
2025-04-15,포토북 초회 시온 -> 유우시 / 료 -> 유우시 교환 구해💚,neutral
2025-04-15,"포토북 시온,재희 ➡️ 유우시 교환",neutral
2025-04-15,🪥pop🧤pop📕pop🧢,neutral
2025-04-15,포토북 초회 리쿠 ➡️ 유우시 교환 💚 (완료),neutral
2025-04-15,with #카이 선배님 🥹,neutral
2025-04-15,유우시 로얄매치 하나봐 반갑다,neutral
2025-04-15,팬미팅얘기보자마자 토요코인예약함,neutral
2025-04-15,we are in a bubbly bubble dome  🫧 ★,neutral
2025-04-15,일본 공연 응모하려면,neutral
2025-04-15,일본 여름 + 스탠딩 미쳤다..,neutral
2025-04-15,with 유우시📱💬,neutral
2025-04-15,오늘 하루 저희랑 놀아줘서 고마웠어요☺️ 이렇게 하나하나 행복한 추억을 만듭시다! 이번 활동도 화이또!! poppop 설렌다!!  #RIKU #poppop_in_the_bubble,neutral
2025-04-15,나 세븐일레븐가는데 6장사면 미공포 맞춰줘?,curious
2025-04-15,일본 팬미팅 공연장 단차없는 미니킨텍스래..,neutral
2025-04-15,뱅기 같은건 발표나고 잡는게 낫겄지????ㅇㅇ,curious
2025-04-15,힝 담주 인가 안하네,neutral
2025-04-15,호감덬 앨범 쪼끔 사봤엉,neutral
2025-04-15,7월 20-21 일본 팬미팅한대,neutral
2025-04-15,팬클럽 한정 이벤트 'NCTzen WISH-JAPAN Meeting 2025(가)' 개최 결정!! 팬클럽 티켓 가장 빠른 선행(추첨)이 오늘 2025년 4월 15일(화) 19:00부터 시작!,neutral
2025-04-15,(Teaser) [MOVE TO PERFORMANCE] NCT WISH(엔시티 위시) - poppop (4K),neutral
2025-04-15,어제 인터뷰 기사에 ㅋㅇ선배님 감사하다고 해서 웃었는데,positive
2025-04-15,하 얘들아 셀폰코드 무조건 봐라,neutral
2025-04-15,포토북 초회한정포카 리쿠 료 ➡️ 유우시 (완료),neutral
2025-04-15,팝츄 핫트 합정 동대문 품절이래!,neutral
2025-04-15,미친 진짜 귀여워,positive
2025-04-15,나 케타포 이슈 이제 알았다 ㅠ,neutral
2025-04-15,듀오링곸ㅋㅋㅋ,positive
2025-04-15,홍대 비트로드 팝츄 많다!,neutral
2025-04-15,느낌표 걍 유우시꺼잖아！,neutral
2025-04-15,ㅋㅋㅋㅋㅋ외치면 사라지는 우시,positive
2025-04-15,우시 엄청긴장했어,neutral
2025-04-15,셀폰코드 떴다!!,neutral
2025-04-15,홍대 오프라인 매장중에 팝츄 남아있는곳 있을까?🥹,curious
2025-04-15,나 디자인이 너무 좋다,positive
2025-04-15,케타포: 포토북 초회반 모두 발송됨 (송장만 찍은 건지는 모름),neutral
2025-04-15,주얼 개인반 리쿠사쿠(나)->유우시(💚),neutral
2025-04-15,🟡 MBC RADIO LIVE STREAMING 정오의 희망곡 김신영입니다 WITH #엔시티 위시,neutral
2025-04-15,나를 안달나게 하는 SM직속 후배? | EXO 카이&NCT WISH 유우시 [셀폰KODE],curious
2025-04-15,포토북 초회한정(시온)일반 포카(료)교환 (유우시 구해!),neutral
2025-04-15,[톡파원25시 하이라이트] NCT WISH 이렇게 귀여워도 되나요..💚 매력이 ⭐팝팝⭐ 터지는 '사쿠야 & 시온' 토크에 입덕 완😍,positive
2025-04-15,집가다 그냥 교보 들려서 포토북 하나 샀다ㅋㅋㅋㅋ이맛이지,positive
2025-04-15,세븐일레브 초회한정 언제까지야?,curious
2025-04-15,혹시 이 멤버 이름 알수있을까?,curious
2025-04-15,오늘도 견주랑 말티즈 웃기다,positive
2025-04-15,팝츄 아까 여기서 어떤 덬이 알려준 키트스토어에서 샀더니 벌써 배송중이야!!!ㅠ,neutral
2025-04-15,럭드 블러 떴어!!,neutral
2025-04-15,아이거 너무 남동생 있는 유우시 손길,neutral
2025-04-15,엠카 사녹 보고 첫차 타고 출근하면 되겠네^^,neutral
2025-04-15,엠카 사녹 4시50분이래,neutral
2025-04-15,케타포 공구로 포토북 초회한정 산 거는 배송출발 떴다,neutral
2025-04-15,케타포 오프 매장엔 팝츄 박스 쌓여있어서 여러개 샀다는 트윗 보니까 빡친다ㅋㅋ그럴거면 온라인도 수량 제한을 하던가,positive
2025-04-15,지금 미공포나 럭드 중에 블러 이미지라도 뜬거 어디 있어?,curious
2025-04-15,팝츄 위츄 색 조합 넘 기여워,neutral
2025-04-15,근데 케타포 말고 다른데서 배송 지연 뜬거면 5월 가능성 높은건가..?,curious
2025-04-15,포토북 초회한정반,neutral
2025-04-15,케타포 문의한거 남길게,neutral
2025-04-15,홍대 키트 여기도 팝츄 판다,neutral
2025-04-15,언박싱이 뭔데?!,curious
2025-04-15,언박싱 종료 10분도 안남음!!!!!!!!!!!!!!,neutral
2025-04-15,뮤비 백만 넘었다 👏👏👏,neutral
2025-04-15,케타포... 내 위츄가 5월에 온다는거야...?,curious
2025-04-15,1000 노래 뒤에 독수리 효과음 들린다ㅋㅋㅋㅋ,positive
2025-04-15,팝츄 못참고 오프가서 사옴,neutral
2025-04-15,정오의 희망곡 평소 듣는 위즈니 없어?,curious
2025-04-15,이번엔 유닛포카 없는 건가?,curious
2025-04-15,언박싱 종료 한시간도 안남았다~~~~~~,neutral
2025-04-15,합정 핫트랙스 재고남았을까?,curious
2025-04-15,팝츄 넘 귀야우ㅓ..,neutral
2025-04-15,호감덬인데 혹시 합정핫트에 쥬얼 남아잇을까...?,curious
2025-04-15,혹시 부본에서 럭드 하는 거 어디서 사면 되는지 알아?,curious
2025-04-15,와 우리 11시간만에 백만 스트리밍 넘었구나,neutral
2025-04-15,생각보다 쇼케 시간 훅훅 지나가네ㅇㅇ,neutral
2025-04-15,내 팝츄 왔어,neutral
2025-04-15,나 바본가봐 쥬얼케이스 단체 샀나 안샀나 기억 안나서 무지성으로 샀더니,neutral
2025-04-15,팝츄에 실린 사진인가봐,neutral
2025-04-15,예판날 1시전에 샀는데 앨범 다 출발한거같다,neutral
2025-04-15,팝츄 늦게사면 백퍼 배송지연각이다 싶긴했는데....,neutral
2025-04-15,앞으로 위츄 시리즈는 예판 시작하자마자 지른다......ㅇㅇ,neutral
2025-04-15,알라딘도 팝츄 적게 입고되서 추가 입고분으로 순차 출고래...,neutral
2025-04-15,초회한정 더 살걸,neutral
2025-04-15,쥬얼이 6종이면 럭드도 그냥 6종으로 살텐데 7종이어서 계속 7개 맞춰서 삼.....ㅋㅋㅋㅋㅋ,positive
2025-04-15,나 팝츄 키트스토어에서 샀는데 오늘 바로 출고 됐어!,neutral
2025-04-15,실리댄스 가사 개웃겨,positive
2025-04-15,기간제 동갑이어도 형아티 난다,neutral
2025-04-15,쥬얼 생각보다 잘 안 열리는구나,neutral
2025-04-15,나 4시 파트중에서 마지막 시온이 파트가 좋아,positive
2025-04-15,아니 근데 저렇게 다 미정이고 지연되면 초동 찍히는건 맞나,neutral
2025-04-15,팝츄가 생각보다 어어어어엄청 팔린거 같지......???,curious
2025-04-15,올엠디 팝츄도 미정이네ㅠㅠ,sadness
2025-04-15,료 괜찮나...,neutral
2025-04-15,아리쿠야,neutral
2025-04-15,이특이 위시 비하인드 푸는거 봤는데,neutral
2025-04-15,혹시 지금 잠실에서 럭드한 덬?!?,curious
2025-04-15,삼성역 영풍문고 쥬얼 남아있어?,curious
2025-04-15,가까운 사람들은 광야 가봐,neutral
2025-04-15,팝츄 실물 넘 기엽다,neutral
2025-04-15,스밍하는 덬들 있으면 스밍 체크해보자💚(차트아웃 간당간당 ㅠㅠ),positive
2025-04-15,우리 료티즈ㅠㅠㅠ,sadness
2025-04-15,친구 회사 근처에 팝츄랑 다 있대서 대리구매 맡겻다,neutral
2025-04-15,유튭 지금 95만,neutral
2025-04-15,이번주 중에 팝팝 앨범 럭키드로우 주는거 뜨려나?,curious
2025-04-15,버블 쇼케 시야 대박이다,neutral
2025-04-15,멜론 일간 89위🥹🥹🥹,neutral
2025-04-15,위드뮤 홍대래ㅇㅇ,neutral
2025-04-15,광야 재고 괜찮음,neutral
2025-04-15,팝팝 포토북 포카 교환! 리쿠 재희 료 >> 💚유우시,neutral
2025-04-15,이거 유료즈 귀여워서,positive
2025-04-15,진심 알람 뜨자마자 심장 떨어짐,neutral
2025-04-15,지금 가섬이 박박 찢어진거같아...,neutral
2025-04-15,진짜 위버스 공지 중에 멤버 뫄뫄에 대해서 ~ 로 뜨는 거,neutral
2025-04-15,저거 알람 뜨자마자 심장이 미친듯이 뜀,neutral
2025-04-15,아 나 진짜 심장 덜컹했.............ㅠㅠㅠㅠㅠㅠㅠㅠㅠㅠ,sadness
2025-04-15,료 ㅠㅠㅠㅠ,sadness
2025-04-15,료 컨디션 난조...ㅠㅠ,sadness
2025-04-15,[공지] 멤버 RYO 관련 안내 말씀 드립니다.,neutral
2025-04-15,팝팝인더버블 입장옆서,neutral
2025-04-15,내 팝츄 6마리는 kms에 묶여있어.....,neutral
2025-04-15,케타포 3월 예약분도 5월 입고래서 걍 취소함,neutral
2025-04-15,예사 괜찮다ㅎㅎㅎ,neutral
2025-04-15,애들 보고싶은 자컨있어??,curious
2025-04-15,얘드라 우리 플로도 진입한거 알고있어?,curious
2025-04-15,쇼케 티켓이랑 메가 새컵홀더 예쁘다,positive
2025-04-15,메가커피 컵홀더 단체 이쁘다ㅠㅠㅠㅠㅠ,sadness
2025-04-15,오마이갓 나 이제 출발하는데,neutral
2025-04-15,세븐일레븐 부산 동대문 잠실 다 똑같은 럭드라니까 아무데나 가면 될듯ㅇㅇ,neutral
2025-04-15,역시 예사가 빠르긴하네,neutral
2025-04-15,세븐일레븐 미공개 포카 이거래,neutral
2025-04-15,재희 안에 무슨티일까..,neutral
2025-04-15,팝츄 물량 딸리나봐ㅠ,neutral
2025-04-15,아 디자인 진짜 너무 좋음,positive
2025-04-15,다들 앨범 배송 받았어??,curious
2025-04-15,로그인 혹시 몇시간 해..?!,curious
2025-04-15,첫음방 의상 뭐 할까,neutral
2025-04-15,어제부터 스루하는 글,neutral
2025-04-15,아니진즈ㅏ 이번에 노래 다 개좋아,positive
2025-04-15,9시 탑백 42!,neutral
2025-04-15,쇼케 방송도 안하니까 넘 궁금하당......,curious
2025-04-15,"세븐일레븐, NCT WISH 팝업…""한정판 기획팩도 이달 중 출시""",neutral
2025-04-15,지금 멜론 탑백 46위 아냐?,curious
2025-04-15,만약 네가 4시에 온다면 이거 뭔가 콘서트 앵콜곡? 느낌나는것 같아,curious
2025-04-15,완전체 위시 좋아,positive
2025-04-15,최애 수록곡 적어두고 가,neutral
2025-04-15,브릿지에서 느려지면서 분위기 반전,neutral
2025-04-15,팝팝 뮤비 중간에 강아지들 ㄱㅇㅇ,neutral
2025-04-15,애들아 1000이 너무 좋다,positive
2025-04-15,아 오프깡 할랬는데 온라인으로 저지른게 너무 많음,neutral
2025-04-15,우리 이번 앨범 노래가 진짜 좋다 내가 팬이어서가 아니라,positive
2025-04-15,학교에 숨을 공간 많이 없지않아?ㅠㅠ,sadness
2025-04-15,나 초회반 케타포에서 샀는데... 여기서 주문 처음해 봐서 그런데 배송 많이 느려?,curious
2025-04-14,진짜 같다,neutral
2025-04-14,유료즈 맨날 투닥거려도,neutral
2025-04-14,안뇽 덬드라 앨범 사는거 질문 하나만ㅠ,curious
2025-04-14,담주 음방 욕심나..... 다들 화이팅!!!!!,neutral
2025-04-14,실리댄스 재희같다는것도 웃기고 좋아ㅋㅋ,positive
2025-04-14,버블냥 마시는 료 지금봤오,neutral
2025-04-14,이거 플리 제목 웃기다 ㅋㅋㅋ,positive
2025-04-14,핑크 피아노 사쿠야꺼〜,neutral
2025-04-14,ㅂㅇㅅ 애들 학1000마리 고백 잘 몰랐다는거,neutral
2025-04-14,NCT WISH - poppop,neutral
2025-04-14,외국팬 분이 포카 템플릿 올려주셨당,neutral
2025-04-14,웹발신 안뜨니까 되게 진짜같닼ㅋㅋ,positive
2025-04-14,실리댄스 가사 너무 기엽다 ㅠ,neutral
2025-04-14,얘들아!! 위시가 너무 좋다,positive
2025-04-14,아 나 귀찮아서 챗팝 나중에 해야딩ㅋ 했는데,neutral
2025-04-14,ㅠ번호 입력 없어진건가,neutral
2025-04-14,문자 지금은 못받는거지?..,curious
2025-04-14,시온 위버스 모먼트 +재희 댓글,neutral
2025-04-14,"재희 위버스 포스트 , 댓글",neutral
2025-04-14,레몬에이드 톡톡🥤입속에⋆｡p✩p,neutral
2025-04-14,세븐일레븐 럭드하러 부산까지 안가도 되겠는데???,curious
2025-04-14,문자 영원히 안지워야지..,neutral
2025-04-14,왜 나 문자에 설레여한느가,neutral
2025-04-14,너무 어려워요💬,neutral
2025-04-14,내일 또보자고 문자 또 왔는데 내일도 문자해주라 진짴ㅋㅋㅋㅋ,positive
2025-04-14,"문자 지금 오니까 먼 약속 끝나고 받은 거 같고 좋네,,,",positive
2025-04-14,스밍 화력 이대로만 가자 제발🙏,neutral
2025-04-14,팝챗 문자 내가 분노한만큼 오는건가,neutral
2025-04-14,톡파원 지금 틀었는데 애들 말하는 거 많이 나옴?,curious
2025-04-14,그 뭐냐 카카오뮤직도 하면 되는거지????ㅇㅇ,curious
2025-04-14,9시 스밍리스트 리셋 및 뮤직비디오 다운로드 필요,neutral
2025-04-14,문자 왤케 진짜번호로와,neutral
2025-04-14,사쿠 어머니 84년생이라고?,curious
2025-04-14,세븐일레븐 이벤트,neutral
2025-04-14,나한테 고백한다면서 날 이렇게 기다리게 해도 되는 거야?🙄,curious
2025-04-14,왜 나는 아직도 문자 안 와ㅠㅠㅠ,sadness
2025-04-14,스팸문자,neutral
2025-04-14,이거 챗팝팝인가?,curious
2025-04-14,smtown 리뷰이벤트,neutral
2025-04-14,아니 위시캣 팝팝 봐봐,neutral
2025-04-14,쪽덕쪽덕 계속 쓰이는거 왜이렇게 웃기지,positive
2025-04-14,지금 사도 초도한정 그거주는거야??,curious
2025-04-14,오오 위버스 아티스트 닉네임 색깔 바뀌었어,neutral
2025-04-14,숨바꼭질 컨텐츠 근데 좀 걱정됨,neutral
2025-04-14,챗팝팝 문자 번호 등록순 순차 발송인가?ㅠㅠ,sadness
2025-04-14,드디어 스페셜 메시지 다들었다,neutral
2025-04-14,나도 방금 챗팝팝 문자왔는데,neutral
2025-04-14,250414 팝팝poppop 뮤직웨이브 채팅 (데이터주의),neutral
2025-04-14,애들앙 케타포 온라인 럭드 공지 떴당,neutral
2025-04-14,[Original] 심장이 쪽덕쪽덕해질 것 같아ヾ(((;ꈡ▱ꈡ;)))ﾉ SUMBAKKOKJIL NCT WISH (엔시티 위시)편 선공개 | 2025.04.18 공개,neutral
2025-04-14,"료 위버스 포스트, 댓글",neutral
2025-04-14,아니 ㅋㅋㅋㅋㅋㅋㅋ,positive
2025-04-14,최애 수록곡 뭐야??,curious
2025-04-14,멜론 뮤직웨이브 아는덬....,neutral
2025-04-14,초회한정 포카 (ㅅㅍ),neutral
2025-04-14,밈프 음원으로 들으니까 너무 좋다,positive
2025-04-14,반포자이다,neutral
2025-04-14,유우시온 뒤통수 개귀여움,positive
2025-04-14,혹시 뮤직웨이브 끝나고 문자 온 덬..?,curious
2025-04-14,시온 위버스 포스트,neutral
2025-04-14,리쿠 초회한정 포카도 실물 떴당(ㅅㅍ),neutral
2025-04-14,아이튠즈 디지털 북클립 【poppop】,neutral
2025-04-14,얘드라 이거 어디 얼라언거야???,curious
2025-04-14,아니 난 멜론 뮤직웨이브 위시풀 애둘 스패셜매시지도 못들었는데..,neutral
2025-04-14,읏쇼읏쇼,neutral
2025-04-14,내일 쇼케 가는 덬들 메가커피에서 커피차 준비했대,neutral
2025-04-14,진짜로 우는거야?ㅠㅠ,sadness
2025-04-14,ㅠㅠ 애들도 알았네,sadness
2025-04-14,라이브에서 사쿠 와이어 탔다는 장면,neutral
2025-04-14,📢📢 스밍 리스트 & 원클릭 올라왔어요~~~,neutral
2025-04-14,Feeling go pop ! ! #YUSHI #RYO #SAKUYA,neutral
2025-04-14,헐 멜론 탑백 26위,neutral
2025-04-14,실리댄스 재희랑 유우시 보컬 티키타카 개좋다정말..,positive
2025-04-14,[공지] NCT WISH 'poppop' 응원법 안내!,neutral
2025-04-14,poppop (Sped Up) · NCT WISH,neutral
2025-04-14,위시가 위츄로 평생 뇌절해줬으면 좋겠어요,positive
2025-04-14,라이브채팅 이거 뭐 내가 쓴 글도 못 보네,neutral
2025-04-14,나 수록곡 디자인 최애야 슴느낌 물씬ㅋㅋㅋ,positive
2025-04-14,아 오시온ㅋㅋㅋㅋㅋㅋㅋ,positive
2025-04-14,뮤비에서 고백연습신,neutral
2025-04-14,"[멜론매거진] 풋풋한 첫사랑의 설렘이 pop! NCT WISH [poppop] 공개! +독점 이미지, 아티스트 메시지",neutral
2025-04-14,이번 앨범 곡 다 마음에 들어,neutral
2025-04-14,곡 퀄리티 미쳤네(p),neutral
2025-04-14,지금 천 듣는 중인데 진짜 좋다 ㅠㅠ,positive
2025-04-14,미친거 아니묘,neutral
2025-04-14,음원 다운받고 공개팬싸 응모하자,neutral
2025-04-14,NCT WISH 엔시티 위시 'poppop' MV,neutral
2025-04-14,나중에 봐 얘드라,neutral
2025-04-14,가방 산 덬들 취소할거야???,curious
2025-04-14,10분 남았다ㅏㅏㅏㅏ,neutral
2025-04-14,30cm 위시돌 언제 어디서 어떻게 살 수 있는지나 당장 알려줬으면 조켄네,neutral
2025-04-14,카다라 보니까 포토북 사려다가 쥬얼 세트를 하나 더 사고싶어졌어,neutral
2025-04-14,왜 빨리 끝내?ㅋㅋㅋㅋ,positive
2025-04-14,쥬얼반 다 모아야만 ㅠ,neutral
2025-04-14,또 쿠리 꼭 끌어안고 있네,neutral
2025-04-14,룐룐아 크니까 더 귀엽다,positive
2025-04-14,미친 7개 잘 삿다 저게 조립이 되네,neutral
2025-04-14,애들 꾸민거 너무 귀엽닼ㅋㅋ,positive
2025-04-14,아니 애들 다 아기자기한거 좋아하는거 같아,positive
2025-04-14,ㅋㅋㅋㅋ 애들 흥나나,positive
2025-04-14,리쿠 포카 ㄱㅇㅇ,neutral
2025-04-14,쥬얼 예쁘다,positive
2025-04-14,리쿠 얼빡 포카 내꺼다,neutral
2025-04-14,핸즈업 포카 보여줬나용ㅇㅇ,neutral
2025-04-14,포토북 더 사고 싶다..,neutral
2025-04-14,우시 쫑알쫑알 귀여워ㅠㅠ,positive
2025-04-14,앨범을 우리를 향해 보여주지 않을래?,curious
2025-04-14,헐 포토북 우시포카 개이쁘네,neutral
2025-04-14,띠부띠부씰 다 모으고 싶은데ㅠㅠ,sadness
2025-04-14,아 노래 좋다ㅠㅠ,positive
2025-04-14,30cm 인형 개귀엽다 진짜,positive
2025-04-14,우리 뭔가 팝팝 팝업이 아니고 인형 팝업 할거 같지 않냐ㅋㅋㅋㅋ,positive
2025-04-14,에 나 알라딘 지연 카톡옴,neutral
2025-04-14,이번 앨범 진짜 귀여울거라고 그랬던 거 계속 생각나,positive
2025-04-14,폭주구간!,neutral
2025-04-14,오늘 대영이두 진짜 이쁘당...,neutral
2025-04-14,좋아요,positive
2025-04-14,잠만 응원봉 가방 말고 30cm 인형이 있다고????,curious
2025-04-14,시온이가 계속 료리쿠우시쪽을 보면서 말햌ㅋㅋㅋ,positive
2025-04-14,천도 좋다 아 노래가 너무 좋아ㅠㅠㅠㅠ,positive
2025-04-14,ㅁㅈㅁㅈㅁㅈ하는 애 누구야,neutral
2025-04-14,디자인 노래 진짜 내 취향일 거 같애,neutral
2025-04-14,디자인 너무 좋다,positive
2025-04-14,애들 머리 다 다듬은거 같지??,curious
2025-04-14,시온이 머리색 갑자기 어린왕자 같다,neutral
2025-04-14,위시 권력 잇다...,neutral
2025-04-14,우린 밈프라하는데 애들은 멜트라고 하네 ㅋㅋㅋ,positive
2025-04-14,애들 저렇게 입고 아까 볼풀에 잇으니까 새삼 너무 아이돌같음...,neutral
2025-04-14,쿠리랑 리쿠 겁나 닮아썽,neutral
2025-04-14,인형 정면이다.. 인형 또나오나보다,neutral
2025-04-14,사쿠 하리보 곰돌이젤리 귀걸이 귀엽다,positive
2025-04-14,30센치 인형 나오나보네,neutral
2025-04-14,저 인형뭐야,neutral
2025-04-14,위츄 쿠션 갖고싶다,neutral
2025-04-14,새 인형 또 나왔나봐,neutral
2025-04-14,잠만 얘들아 저 인형 가방이 아니라 다른 건데 진짜 인형인데???,curious
2025-04-14,우리 위시 인형수저  ㅋㅋㅋㅋ인형 짱많아,positive
2025-04-14,팝츄야 우시한테 하나만 나타나라,neutral
2025-04-14,아근데 개재밋겟다,positive
2025-04-14,시오빵 뒤에서 걍 싸우고 있는데요,neutral
2025-04-14,튜브 밀어줘야 되고 펜 돌려줘야 되고,neutral
2025-04-14,애기야~,neutral
2025-04-14,카운트다운 라이브라고 쓰고,neutral
2025-04-14,비명소맄ㅋㅋㅋㅋㅋㅋㅋㅋ,positive
2025-04-14,우시 재채기?,curious
2025-04-14,우시 재채깈ㅋㅋㅋㅋㅋㅋㅋㅋㅋㅋㅋㅋㅋㅋㅋㅋ,positive
2025-04-14,료티즈 오늘은 초코말티푸같아,neutral
2025-04-14,이래서 4시반에 하는거구나,neutral
2025-04-14,저 스물한살이에요..!,neutral
2025-04-14,뜀뛰기는 애들이 했는데 내가 다 지치냨ㅋㅋㅋㅋ,positive
2025-04-14,저 21살이에요,neutral
2025-04-14,사쿸ㅋㅋㅋㅋㅋㅋㅋㅋㅋ,positive
2025-04-14,애들 오늘 개꿀잠 자겠다,neutral
2025-04-14,아 진짜 개귀엽고 웃기다 키즈카페에서 신난 남자애 6명,positive
2025-04-14,애들 힘들겠는뎈ㅋㅋㅋㅋ,positive
2025-04-14,성공할 생각이 없는거 같은데?,curious
2025-04-14,아 진짜 키즈카페닼ㅋㅋㅋㅋ,positive
2025-04-14,진짴ㅋ어떡하냐ㅋㅋㅋㅋㅋㅋㅋㅋㅋ장소때문에 집중이 안돼,positive
2025-04-14,우시랑 료 모해,neutral
2025-04-14,언박싱 6장 사면 6명 포카 다 주던가????,curious
2025-04-14,재롱잔치 재밌다,positive
2025-04-14,뽀짝해 ㅋㅋㅋㅋㅋ,positive
2025-04-14,아나 아까 오프닝이 너무 웃겨서 계속 생각나,positive
2025-04-14,키즈카펰ㅋㅋㅋ,positive
2025-04-14,애들 계속 둥실둥실,neutral
2025-04-14,키즈카펰ㅋㅋㅋㅋㅋㅋㅋㅋㅋㅋㅋㅋㅋㅋㅋㅋㅋ,positive
2025-04-14,애들 넘 이뽀다ㅠ,neutral
2025-04-14,방방에서 시작하는데요?,curious
2025-04-14,컴백라이브를 방방에서..?,curious
2025-04-14,너네 뭐하닠ㅋㅋㅋㅋㅋㅋㅋ,positive
2025-04-14,아니 뭐얔ㅋㅋㅋ,positive
2025-04-14,???? ㅋㅋㅋㅋㅋㅋ,positive
2025-04-14,엥 이것 뭐예요,neutral
2025-04-14,티켓팅 전 같아 ㅁㅊㅋㅋㅋㅋㅋ,positive
2025-04-14,떴다,neutral
2025-04-14,라딘에서 14시 02분에 결제했어,neutral
2025-04-14,쿄쿄쿄 난 팝츄 내일 온다,neutral
2025-04-14,하 팝츄ㅠㅠㅜㅜ,sadness
2025-04-14,봄 메뉴 추천 ⚡️ NCT WISH 요정 등장 🧚🏻,neutral
2025-04-14,예사 팝츄 지연이래 ㅜㅜ,sadness
2025-04-14,난 kms 포카땜에 어차피 6마리 플러스야......ㅎㅁㅎ,neutral
2025-04-14,근데 팝츄 1개 2개가 아니라,neutral
2025-04-14,팝츄 실물 어디에 뜬껀지 물어봐도 됨?!,curious
2025-04-14,팝츄 몇마리 샀어??,curious
2025-04-14,"잠시 후 오후 4시 30분, [NCT WISH 'poppop' Countdown Live]에서 만나요!",neutral
2025-04-14,6 대 6 미팅이여?,curious
2025-04-14,[EVENT] 만약 NCT WISH가 'poppop'으로 컴백한다면 당연히 3시간 전부터 기다려줘야겠지✨,neutral
2025-04-14,아 엔시티위시 되고싶어,neutral
2025-04-14,얘들아 음중 시청자위원회 신청하자,neutral
2025-04-14,팝츄 이미 세개인데,neutral
2025-04-14,아 나 팝츄 사진 보고 두마리 더 데랴옴ㅋㅋ큐ㅠㅠㅠㅠ,positive
2025-04-14,"재희 위버스 모먼트, 댓글",neutral
2025-04-14,팝츄 실물파네ㅋㅋㅋㅋㅋㅋㅋㅋㅋ,positive
2025-04-14,유우시 위버스 포스트 +재희 댓글,neutral
2025-04-14,"료 위버스 포스트,댓글 +시온,리쿠,재희,사쿠야 댓글",neutral
2025-04-14,내가 컴백하나.....,neutral
2025-04-14,이거 예사 초회반 아직 준다는 말인가??,curious
2025-04-14,포토븍 다섯장 샀는데 더 사고 싶다..,neutral
2025-04-14,공구 포토북 초회반 슬슬 품절난다ㅇㅇ 올엠디 애플뮤직 품절,neutral
2025-04-14,오늘 앨범 서점에 풀렸을까?,curious
2025-04-14,단콘 어디서 할까,neutral
2025-04-14,"팝팝 POPPOP 컴백 인터뷰 기사, 사진",neutral
2025-04-14,"""지금, 제가 제일 좋아하는 시즈니들이, 앞으로도 영원히 시즈니이길."" (시온)",positive
2025-04-14,인터뷰 전문 어디서봐...?,curious
2025-04-14,톡파원 25시 선공개)오르골 획득을 위한 NCT WISH의 ＜poppop＞ 챌린지 대결🤩,neutral
2025-04-14,숨바꼭질 오늘 나와? 프리릴리즈 이건 뭐지?,curious
2025-04-14,우리 포켓몬들 오늘 컴백이라니이,neutral
2025-04-14,아이돌 인간극장도 찍었나봐,neutral
2025-04-14,난 음반도 그렇지만 음원이 진짜 잘나오면 좋겠어.....,positive
2025-04-14,보도자료 풀리니까 오늘이 컴백일인 게 실감난다,neutral
2025-04-14,NCT WISH 'poppop' 선주문량 121만장 돌파...커리어 하이,neutral
2025-04-14,마지막으로 올해 안에 콘서트를 할 예정이라는 NCT WISH는 서고 싶은 무대에 대해,neutral
2025-04-14,헐.. 무모샵 품절 더 안 풀려?,curious
2025-04-14,"교보 영풍 15,16일은 초회한정 포카 있을까?",curious
2025-04-14,누나들 시간 있어? 아껴 써.  ㄴ근데 있으면 아봉&우유 셀폰코드 보러와. ʕ•̫͡•ʔ❤ʕ•̫͡•ʔ,curious
2025-04-14,트위터 프로모ㅋㅋㅋㅋ,positive
2025-04-13,250410 NCT WISHのCHAT WITH WISH! 기차🚄💚,neutral
2025-04-13,출근해서 음싸 캐쉬 충전해야지.....,neutral
2025-04-13,아니 사쿠 너무 잘해서 놀람ㅋㅋㅋ,positive
2025-04-13,우왕 우리 스밍팀 모금 백퍼됨,neutral
2025-04-13,컴백 너무 좋아 혐요일 힘내자,positive
2025-04-13,멍멍 메에에엥~~~~~,neutral
2025-04-13,아 재희국밥외치던거 개웃김,positive
2025-04-13,4월 중순에 시그 다이어리 제본한 사람 🙋‍♀️ 자랑할래,neutral
2025-04-13,애들이 영원히 넥타이를 잡어뜯어ㅋㅋㅋ,positive
2025-04-13,쿠키영상 도랐네여ㅋㅋㅋㅋ,positive
2025-04-13,돌박이일 역시 분위기 최고ㅠㅠㅠㅠㅠ너무 귀여워,positive
2025-04-13,에들 한국어 진짜 많이 늘었다ㅋㅋㅋㅋㅋㅋ,positive
2025-04-13,부산 럭드 물량 초회반일거 같은데,neutral
2025-04-13,부산 럭드 주말 가면 늦을까,neutral
2025-04-13,나 럭드하러 담주 부산간다......,neutral
2025-04-13,부산 세븐일레븐 럭드래ㅇㅇ,neutral
2025-04-13,위시 poppop 컴백 일정,neutral
2025-04-13,위시 내일 컨텐츠 나오는 거 있어?,curious
2025-04-13,첫 라디오 설렌다,neutral
2025-04-13,[SUB] EP.43-1 NCT WISH | 시청자 여러분 안녕하세요💚 신입앵커 엔시티 위시가 근황 뉴스를 전해드려요 | 돌박이일 NCT WISH 신입사원의 조건 1탄[4K],neutral
2025-04-13,마닐라콘 의상에 인형들 달아둔거,neutral
2025-04-13,애들 이제 한국어 말도 잘하고 듣는거도 괜찮으니까 라디오 도나부다.....,positive
2025-04-13,위시 한국 라디오 스케 기다린 사람?,curious
2025-04-13,4/16 수요일 정오의 희망곡 (보라),neutral
2025-04-13,오랜만에 포카들고 외출했는데 ㅋㅋ,positive
2025-04-13,우리 나올 컨텐츠 이거 남았나???,curious
2025-04-13,"NCT WISH 사쿠야 ""너 형님이야?"" ""네."" | #순간뽀짝세상에이런아이돌이",curious
2025-04-13,쥬얼 세트로 사면 종류대로 맞춰주눈거 예판만 하나?,curious
2025-04-13,NCT WISH 리쿠랑 골드키위주스 마셔볼쿠야🥝,neutral
2025-04-13,시온이 어디 갔어?,curious
2025-04-13,료 위버스 모먼트,neutral
2025-04-13,유우시 위버스 포스트,neutral
2025-04-13,시온 위버스 포스트,neutral
2025-04-13,재희 위버스 포스트,neutral
2025-04-13,사쿠야 위버스 포스트,neutral
2025-04-13,리쿠 위버스 포스트,neutral
2025-04-13,내 고막에 달콤하게 녹아 있을 예정인 NCT WISH의 𝙬𝙞𝙨𝙝𝙛𝙪𝙡 𝙥𝙡𝙖𝙮𝙡𝙞𝙨𝙩 📟 ᖰ(ˊo̴̶̷ꑣo̴̶̷ˋ)ᖳ•. ♡  어서 나에게로 이리ON ⭐️,neutral
2025-04-12,위시네 퇴근길,neutral
2025-04-12,월요일에 쇼케 안하는건 잘한거 같어,neutral
2025-04-12,#NCTWISH ‘s #dalengdaledancechallenge,neutral
2025-04-12,오늘 마닐라에서 처음으로 공연했는데요!! 시즈니의 뜨거운 함성 소리를 들으니까 가슴이 두근거렸어여❤️‍🔥 마치 시즈니와 우리가 애니 속의 주인공이 된 거 같은 멋진 기분?🤭 고마워요 시즈니 키따마할💚,curious
2025-04-12,어케 함성 소리 진짜 좋아한닼ㅋㅋㅋㅋㅋㅋㅋ,positive
2025-04-12,오늘 마닐라콘 함성 장난아니다,neutral
2025-04-12,MD,neutral
2025-04-12,애들 지난주부턴 무대 시작하자마자 옷을 벗어재끼는데...안에 땀 범벅...ㅠ,neutral
2025-04-12,메가 영상 재희도 우유만 마시고 사쿠야도 유자만 마심ㅋㅋㅋㅋㅋㅋㅋ,positive
2025-04-12,오늘은 마닐라 !! 하루밖에 없으니까 후회없이 끝까지 재밌게 저희랑 즐겨봅시다,positive
2025-04-12,위시 릴스?팀이 여기도 볼까.??..,curious
2025-04-12,아니 근데 순정은 어디가고 소년만화가 된거임ㅋㅋㅋㅋ,positive
2025-04-12,난 송버드가 너무 좋아ㅋㅋㅋㅋㅋㅋㅋㅋ,positive
2025-04-12,팝팝 벌써 좋은데 어캄,positive
2025-04-12,NCT WISH 미니 2집 [poppop] 발매 기념 멜론 뮤직웨이브 영통 이벤트 영상,neutral
2025-04-12,생각보가 료가 진짜 재밌어하네 애니 자컨ㅋㅋㅋㅋㅋㅋ,positive
2025-04-12,위츄에 홀려서 입덕하는 사람이 누가있어요?,curious
2025-04-12,SBN 비하에 시온,neutral
2025-04-12,시온이 말하는데 자막으로 피카피카하는거 넘 웃겨,positive
2025-04-12,NCT WISH 사쿠야랑 와앙 맛있는 왕메가사과유자차 TIME 🍎,neutral
2025-04-12,동생들이 오시온 놀리는 세계관 언제 안웃긴데ㅋㅋㅋㅋ,positive
2025-04-12,ㅂㅇㅅ 딴말인데 위시팀 돈 많이 주세요ㅠㅠㅠ,sadness
2025-04-12,리쿠 초코리야 하는거 너무 귀여워,positive
2025-04-12,"시온 위버스 포스트, 댓글",neutral
2025-04-12,아니 료의 머글력이 너무 웃김,positive
2025-04-12,우우우우예에~,neutral
2025-04-12,한본어+전라도 사투리,neutral
2025-04-12,‘poppop’ MV Teaser Images 2,neutral
2025-04-12,NCT WISH 엔시티 위시 'poppop' MV Teaser,neutral
2025-04-11,라이벌이랑 절친이랑 뭐가 있었던거야 하니까,neutral
2025-04-11,아니 너무 재밌음 ㅋㅋㅋㅋㅋㅋㅋ,positive
2025-04-11,자컨 어디서도 못 본 주제얔ㅋㅋㅋㅋㅋ순정만화 시나리오짜기,positive
2025-04-11,아 너무 열심히 해서 웃겨ㅋㅋㅋㅋㅋㅋ,positive
2025-04-11,고란노 스폰사노~,neutral
2025-04-11,보는 중인데 오늘 자컨도 대박이다ㅋㅋㅋ,positive
2025-04-11,편집 때문에 늦었나보다,neutral
2025-04-11,후드 집업,neutral
2025-04-11,헐 올라옴,neutral
2025-04-11,우리가 애니 속 주인공이 된다고? -ˋˏ 몰랐어 ˎˊ- | 僕たちがアニメの主人公に? -ˋˏ 知らなかった ˎˊ- | 🫧poppop 프로덕션🫧 EP.1,curious
2025-04-11,이정도면 몰카아님,neutral
2025-04-11,오늘 못 줄 거 같으면 공지를 주세요...,neutral
2025-04-11,자컨 오늘 아니었어...?,curious
2025-04-11,자컨 11시도 않이야?🥹,curious
2025-04-11,GUESS WHO? 세븐일레븐 인스타,curious
2025-04-11,5pm / cheeseballz-core / 🐈🌅📷🌴,neutral
2025-04-11,미안한데 사쿠 도망가는거 자꾸 돌려보게됨,neutral
2025-04-11,김대영 후.. 지나가세욬ㅋㅋㅋㅋㅋㅋㅋㅋ,positive
2025-04-11,#NCTWISH vibin’ in #MANILA,neutral
2025-04-11,사쿠ㅋㅋㅋ 애기 극한의 공포인데 저거 괜찮은 거냐곸ㅋㅋㅋㅋ,positive
2025-04-11,야ㅋㅋㅋㅋ 예고에 우시 목소리 1도 안나왔다곸ㅋㅋㅋㅋㅋㅋㅋㅋ,positive
2025-04-11,저거 앱에 공개하고 그날 밤 11시 티비 방영이던데,neutral
2025-04-11,우리 떠야할 떡밥들이,neutral
2025-04-11,웃다보니 웃을때가 아니네..,positive
2025-04-11,[Original] 𝑺𝑼𝑴𝑩𝑨𝑲𝑲𝑶𝑲𝑱𝑰𝑳(숨바꼭질)  #NCTWISH 편 티저 공개ㅣTeaser📣,neutral
2025-04-11,아 숨바꼭질예고보는데 재희가 엄청 무서워함ㅋㅋㅋㅋㅋ,positive
2025-04-11,Maraming Salamat po 🫧💓🩵 #NCTWISH in #MANILA,neutral
2025-04-11,팝팝 안무 스포🌟,neutral
2025-04-11,근데 컴백라이브 4시 30분..,neutral
2025-04-11,#NCTWISH 'poppop' UNBOXING EVENT💚,neutral
2025-04-11,카다라 미공포 (쥬얼),neutral
2025-04-11,[NCT WISH 'poppop' Countdown Live] ➫ 2025.04.14 (MON) 4:30PM (KST),neutral
2025-04-11,와 근데 저 샬롬클럽이라는데ㅇㅇ 진짜 위시코어 이런거 좋아하는 사람들,positive
2025-04-11,세븐일레븐 저거 서울도 할걸ㅇㅇ,neutral
2025-04-11,별가방,neutral
2025-04-11,이번에 기업이랑 콜라보를 많이 하는 느낌???,curious
2025-04-11,멜론 뮤직웨이브 영통 이벤트한다ㅋㅋㅋㅋ,positive
2025-04-11,일본팬싸 ㅃㄹ더떴으면,neutral
2025-04-11,이 영상은 누가 만든거야?,curious
2025-04-11,알라딘 아직 초회한정포카 주는거지????,curious
2025-04-11,우시야 축하한다,neutral
2025-04-11,📌#셀폰KODE 의 다음 게스트❓,neutral
2025-04-11,미친 유우시 셀폰코드,neutral
2025-04-11,우리 콜라보 샬롬 나오는거ㅋㅋㅋㅋㅋㅋㅋ,positive
2025-04-11,시그 포토세트 온당ㅋㅋㅋㅋ,positive
2025-04-11,NCT WISH 재희랑 왕메가카페라떼로 에너지 충전완료🤎,neutral
2025-04-11,ㅋㅋㅋㅋㅋㅋㅋㅋㅋㅋㅋㅋㅋㅋㅋㅋㅋㅋ 이거 개웃김,positive
2025-04-11,오시온 겁나 웃으면서 찍었을삘ㅋㅋㅋㅋㅋㅋㅋ,positive
2025-04-11,위시 컨포 이런거 너무너무 좋음,positive
2025-04-11,팝팝 컨셉 정말 맘에 든다🫧🫧,neutral
2025-04-11,너무 아름답지 않냐 애들아...,neutral
2025-04-11,‘poppop’ MV Teaser Images 1,neutral
2025-04-10,"재희 위버스 포스트, 댓글",neutral
2025-04-10,애니 속의 주인공은 너와 나야 popping ＜요게 가사인가바,neutral
2025-04-10,✩°｡⋆⸜ ᑭOᑭᑭOᑭ 프로덕션 .‧₊˚✩~ 읏쇼읏쇼 애니 제작소 ~ 🎥𝗘𝗣.𝟭 ➫ 𝟮𝟱.𝟬𝟰.𝟭𝟭  🫧𝘾𝙊𝙈𝙄𝙉𝙂 𝙎𝙊𝙊𝙉,neutral
2025-04-10,컴백 전에 엄청 재밌는 자컨 준다 하지 않았어?,positive
2025-04-10,늦게 채팅하는데 하..,neutral
2025-04-10,마카오 공연 때 엠디 팔았어?,curious
2025-04-10,시온아 나도🫶,neutral
2025-04-10,"2025 서울 스프링페스타 5월 4일 (일) 오후 10시 40분, KBS 2TV 방송",neutral
2025-04-10,라방 시간 순삭ㅠㅠㅠㅠㅠ,sadness
2025-04-10,엠카 넥스트위크 떴다!,neutral
2025-04-10,ㅠㅠ위라왓다,sadness
2025-04-10,아 리쿠ㅋㅋ 자기 별명 애햄이 있는건 아는데 그게 애기햄스터인진 몰랐나범ㅋㅋㅋㅋㅋㅋ,positive
2025-04-10,위시캣 뜨고 귀여워서 계속 웃음나네,positive
2025-04-10,팝업 예상하긴 했는데 없어도 뭐 나쁘진 않은듯,neutral
2025-04-10,이번에 팝업 없는 대신 콜라보가 많을까?,curious
2025-04-10,쇼케 당발 떴엉,neutral
2025-04-10,위시캣 인스타그램,neutral
2025-04-10,마탐정 귀엽구만,positive
2025-04-10,샬롬 무슨 브랜드인지 몰라서 검색해봤는데,neutral
2025-04-10,콜라보 뜬거 봤어?!,curious
2025-04-10,이번엔 팝업 없나??,curious
2025-04-10,팝츄도 쿠션 내줬으면 조켄네...,neutral
2025-04-10,탐정이라면서요...,neutral
2025-04-10,NCT WISH 시온이랑 블루베리요거트스무디로 에너지 UP 💟,neutral
2025-04-10,포토북 오프라인도 일찍 가면 초회한정 있겠지?,curious
2025-04-10,초회포카 아직 준다니까 포토북 더 사고 싶다,neutral
2025-04-10,예사 초회 포카 아직 준대,neutral
2025-04-10,나의 웃음 포인트... 리쿠는 일본어도 사투리 쓰는데 한국어도 사투리로 배움......,positive
2025-04-10,음반 공구는 무조건 늦게 와?,curious
2025-04-10,유우시 이거 무슨 의미,neutral
2025-04-10,오늘은 뭐 안뜨는군,neutral
2025-04-09,쇼케응모 완전 까먹고있다가 방금했다,neutral
2025-04-09,아 일케 보니까 사투리 확실히 쓰넼ㅋㅋㅋㅋㅋ,positive
2025-04-09,송도 행사 줄세우기겟지?,curious
2025-04-09,포토북 더 사야할지 지금 고민중,neutral
2025-04-09,실리댄스,neutral
2025-04-09,ㅁㅊ sbn 앨범에 쇼니 포카 들어갔네,neutral
2025-04-09,수록곡 하라메 원픽 꼽아보자,neutral
2025-04-09,청량함이 pop⭐ 달콤함이 pop⭐ 엔시티 위시의 데뷔곡 'WISH'부터 'Miracle'까지 무대 몰아보기 | NCT WISH Stage Compilation,neutral
2025-04-09,silly dance 노래 엄청 좋을 거 같지 않아??,positive
2025-04-09,챗팝팝 애들 맨트 다 찾아써!!,neutral
2025-04-09,챗팝팝 사진 다 있는덬 있어...?,curious
2025-04-09,나같은 덬들 있을 듯 키듀키듀,neutral
2025-04-09,챗팝팝 마지막 멘트 복사하면 다르게 나오는구나,neutral
2025-04-09,리쿠 오늘 영통 귀엽다 ㅋㅋ,positive
2025-04-09,"2025년 4월 KBS 첫 출근날, 퇴근 전에 다같이📸  돌박2일 EP.43 NCT WISH  [신입사원의 조건 - 회식비를 지켜라💸]  4/13(일) 오후 8시 최초 공개⭐",neutral
2025-04-09,인스타스토리 보고 릴스 전체 봤는데 위시 재즈버전 개쩐다,neutral
2025-04-09,하라메 너무 좋아서 계속 듣는 중 😭,positive
2025-04-09,역시 소수저(타돌주의),neutral
2025-04-09,위시가 너무 좋아 복작복작 활기찬 독방도 좋아,positive
2025-04-09,언젠가 평범한(?) 응원봉 가방도 나올까?,curious
2025-04-09,사고싶은데,neutral
2025-04-09,나는 사쿠야 커버낫 착장 좋다고 생각해.,positive
2025-04-09,뒤늦게 챗팝팝 중... 이거 중간에 렉걸리면 안되는거였네,neutral
2025-04-09,로그인 엠디 케타 공구도 지연안내 왔네 ㅜ,neutral
2025-04-09,우시 물결 채팅말투 넘 귀여워,positive
2025-04-09,지금 결제 해놓은거 한트럭인데 수중에 암것도 없어서 휑~~ 해,neutral
2025-04-09,NCT WISH 료의 MEGA 에너지 픽은? 피치푸룬주스에료💜,curious
2025-04-09,사쿠 채팅 너무 웃기다 진짜 ㅋㅋㅋㅋ ㅠㅠ,positive
2025-04-09,이제 버정에 광고 다 뗐더라,neutral
2025-04-09,탐테에 뭐 없어도 자정 지나서 자는 사람 ㄴㅇㄴ,neutral
2025-04-09,이번 앨범 다들 어디서 구매했어?(공구 탄 덬들!),curious
2025-04-09,챗팝팝 시온이 채팅 선택지랑 되게 자연스러운 느낌ㅋㅋㅋㅋㅋ,positive
2025-04-09,초도한정 소량 사는 덬은 예사 어때,neutral
2025-04-09,아니 유우시 채팅 처음 시작할때 선택지부터 심상치 않더니,neutral
2025-04-09,챗 22일까지 하나보더라,neutral
2025-04-09,근데 채팅 전번 입력은 왜 있는 거지,neutral
2025-04-09,하라메 처음 장면보고,neutral
2025-04-09,캡쳐하고 싶어서 후다닥하고 캡쳐했는데,neutral
2025-04-09,하라메에 나온 가방,neutral
2025-04-09,지금 챗팝팝 겁나 잘됨,neutral
2025-04-09,같은 작가님,neutral
2025-04-09,개인적으론 밈프가 제일 좋긴한데 왜 팝팝이 타이틀인진 알겠음,positive
2025-04-09,와 너무 좋아ㅠㅠ,positive
2025-04-09,NCT WISH 엔시티 위시 ‘poppop’ Highlight Medley,neutral
2025-04-08,호감덬인데 뭐좀 물어볼게있엉,neutral
2025-04-08,채팅 사쿠 진짜 킹받네,neutral
2025-04-08,chatpoppop 사쿠야 사진,neutral
2025-04-08,설레네 진짜,neutral
2025-04-08,혹시 재희 챗팝팝 영상 궁금한 덬???,curious
2025-04-08,내가 이 짤을 쓰게 되는 날이 오다니,neutral
2025-04-08,팝팝챗 대영이 말투 너무 현실적인 거 아냐?,curious
2025-04-08,아니 중간에 고백 멘트 다 별로 누르니까 추천해달래서,neutral
2025-04-08,그래서 내가 아껴둔 말은… -NCT WISH  💬,neutral
2025-04-08,챗팝팝 지금 됨!!!!!!,neutral
2025-04-08,서버 대비는 했을거 같은데 너무 몰렸나봄ㅋㅋㅋㅋㅋ,positive
2025-04-08,5분? 전부터 아예 안된다,curious
2025-04-08,잘만들어놓고 서버 이렇게 유리면 어떡해,neutral
2025-04-08,나 지금 2명 봤는데,neutral
2025-04-08,아니 설레고 싶은데 너무 버벅거려요ㅋㅋㅋㅋㅋㅋ,positive
2025-04-08,제발,neutral
2025-04-08,나 너모 매달리는 여자같아.....🥹🥹🥹,neutral
2025-04-08,난 닉넴설정부터 막힌다.....,neutral
2025-04-08,내가 본 재희 루트 사진들,neutral
2025-04-08,리쿠한테 두번째 단추 달라고 했는데 이렇게 큰건지,neutral
2025-04-08,걍 서버 널널해지면 할게ㅋㅋㅋㅋㅋㅋㅋ,positive
2025-04-08,우시 사진 궁금한 덬??,curious
2025-04-08,챗팝팝 프사배사 저장행,neutral
2025-04-08,이야 이거 진짜같다 ｡ﾟ(ﾟ´Д｀ﾟ)ﾟ｡,neutral
2025-04-08,2명 봤고 4명 남았는데 무한 렉의 굴레,neutral
2025-04-08,"팬포스트 료,재희 댓글",neutral
2025-04-08,.... 돌아와 시온아,neutral
2025-04-08,어찌저찌 재희꺼는 다 봤다,neutral
2025-04-08,리쿠 옷 골라 주다 영원히 멈췄다,neutral
2025-04-08,저는 포기했어요...,neutral
2025-04-08,이러면 시온이가 좀 무서워 하려나,neutral
2025-04-08,나는 렉걸려서,neutral
2025-04-08,아까 온리즈 프사 저장하고 절대 안되는 중,neutral
2025-04-08,아 면봉사쿠 ㅋㅋㅋㅋㅋ,positive
2025-04-08,pc로 돼서 보는 중인데 이거 미쳤다ㅋㅋㅋㅋㅋ,positive
2025-04-08,아 다 본 위즈니 나가라고~~~,neutral
2025-04-08,안들어가져ㅋㅋㅋㅋㅋㅋㅋ,positive
2025-04-08,"있잖아, 나 고민이 있는데 들어줄 수 있어?",curious
2025-04-08,도파민 포카깡,neutral
2025-04-08,해투에서 엠디 팔겠지...?,curious
2025-04-08,공구처 질문할게,curious
2025-04-08,저번에 슴스에서 엠디 지연 연락 받았다는 덬 있었지 않았나?,curious
2025-04-08,앗.. 로그인 엠디 지연..,neutral
2025-04-08,리쿠랑 유우시 산책이 내 힐링영상,positive
2025-04-08,근데 1장씩 사는거 아니고선 중복은 있을 수밖에 없어서,neutral
2025-04-08,애플뮤직 전에 공구 탔는데 중복 너무 심하더라고,neutral
2025-04-08,공구처 음반점마다 6장씩 샀는데,neutral
2025-04-08,위드뮤 아직 초도한정 주려나?ㅜㅜ,sadness
2025-04-08,14일 오후에 음원 나오잖아 앨범살려고하는데,neutral
2025-04-08,"If you want to be the first to feel 'poppop' in your heart 🫧 Pre-save&add&order NCT WISH's ""poppop - The 2nd Mini Album""!",neutral
2025-04-08,Is it?,curious
2025-04-08,(≧◡≦) ♡,neutral
2025-04-08,🖤🩵🖤🩵,neutral
2025-04-08,난 지금 쥬얼 단체반을 많이 사고싶은데 이러려먼 오프 가야곘지????,curious
2025-04-08,나 진짜 뭔가 유우시같은 인간 고양이는 첨 봐.......,neutral
2025-04-08,케타포에서 포토북 샀는데,neutral
2025-04-08,NCT WISH 유우시와 귤톡톡젤리스무디로 에너지 충전할래?🍊,curious
2025-04-08,포토북 몇 장 샀어,neutral
2025-04-08,아침부터 개터짐,neutral
2025-04-08,혹시... 카테에서 리쿠 홈마 추천 받을 수 있을까...?🥺,curious
2025-04-08,포토북 18장이라 2장 더 살지 6장 더 살지 고민중,neutral
2025-04-08,예사 ㅋㅋㅋㅋ 문의 많았나보다ㅋㅋㅋㅋㅋ,positive
2025-04-08,팝팝 kms 특전 잘 아는덬 있니 ㅠ,neutral
2025-04-07,"시온 위버스 포스트, 댓글",neutral
2025-04-07,"톡파원 25시 157회 예고편 - 톡톡 튀는 여행, WISH 리스트 추가💚",neutral
2025-04-07,포토북 결국12장삿다ㅜㅋㅋㅋㅋ,positive
2025-04-07,위즈니 말실수 ㅋㅋㅋㅋㅋㅋㅋㅋㅋ,positive
2025-04-07,포토북 버전을 일단 2+2 (+1)로 샀는데 더 살까말까 고민중,neutral
2025-04-07,와 나 티비 안 보는데 유일하게 챙겨보는 게 톡파원25시인데 거기에 애들 나오니까 너무 좋다ㅠㅠㅠ,positive
2025-04-07,톡파원 25시 예고,neutral
2025-04-07,유우시가 초6 때 한국에 왔구나,neutral
2025-04-07,헐 톡파원 담주 시온 사쿠야 나와,neutral
2025-04-07,알라딘은 초회포카 재고 끝난듯 품절이야,neutral
2025-04-07,오시온 아기1호 유우시,neutral
2025-04-07,"긴 다리와 강한 검지만 있음🦵, 뭐든지 이길 수 있어⛵️ | 長い足と強い人差し指さえあれば, 無敵だ🥊 | poppop Arcade EP.2 | SION•YUSHI•SAKUYA",neutral
2025-04-07,포토북 싹 지르고 왔다ㅋㅋㅋㅋㅋ,positive
2025-04-07,샤덬 키 음방 비하인드 자컨에 위시 나와서 영상 놓고 가,neutral
2025-04-07,스밍팀 모금 총공도 함께해줘어,neutral
2025-04-07,250403 NCT WISHのCHAT WITH WISH! 기차🚄💚,neutral
2025-04-07,다들 포토북 여러군데 나눠서 시켰어??,curious
2025-04-07,설마 초판버전은 미공포 없는건 아니겠지..?,curious
2025-04-07,공방 관련 궁금한거 있는데,curious
2025-04-07,슈주는 유명한 NCT 위시 아빠임 ㅇㅇ반박 시 위시 말이 맞음 암튼 맞음😂😂 | EP.NCT WISH 유우시&시온 | 이쪽으로올래2,neutral
2025-04-07,미공포 공지 안떴지?,curious
2025-04-07,NCT WISH의 축복이 끝이없네💚 보기만해도 청량샤워 ASAP가능(ू˃o˂ू),neutral
2025-04-07,히로세 료 아기행동 ㅁㅊ,neutral
2025-04-07,곧 오는거ㅎㅎ,neutral
2025-04-07,아진짜 잘 참고있었는데,neutral
2025-04-07,얘들아 핸즈업 포카 받으려면,neutral
2025-04-07,초도한정 포토북 딱 2개만 사려는데 어디가 젤 싸?,curious
2025-04-07,리쿠 거울보는데 내가 기절함,neutral
2025-04-07,오더로 커피시키고 유우시컵홀더 받아왔어,neutral
2025-04-07,초도한정포카,neutral
2025-04-07,위시앨범 하나 사볼까하는뎅,neutral
2025-04-07,팝업 언제 하려나?,curious
2025-04-07,??: 어린이는 힘이 많아,curious
2025-04-07,씨에씨에하고요,neutral
2025-04-07,"내가 산 앨범,, 팝츄 다섯마리  쥬얼 열두장 포토북 열두장",neutral
2025-04-07,에스엠 기분이다 위츄 위시 일본반 핸즈업 다 재판해!,neutral
2025-04-07,속편하게 돈 더주고 공구 안하는곳에 삼,neutral
2025-04-07,근데 진짜.... 핸즈업 앨범은 재판할만하지 않냐.....,neutral
2025-04-07,마카오 매진 기사 보는데,neutral
2025-04-07,야 핸즈업 포카를 줄거면 앨범도 재판해라ㅠㅠㅠㅠㅠㅠㅠㅠㅠㅠㅠ,sadness
2025-04-07,나 포카욕심없고 지류굿즈 욕심없는데 근데,neutral
2025-04-07,메가커피 앉아있으니까 주기적으로 애들 목소리 나와서 좋다,positive
2025-04-07,그래도 저번 위츄 대란 이후로 팝츄는 다들 이번에 많이 구매하는듯,neutral
2025-04-07,근데 오늘 미공포 뜰거같지 않아????,curious
2025-04-07,진짜 신기하다 어떻게 1년 넘게 기다리다가 내지,neutral
2025-04-07,포토북,neutral
2025-04-07,초회한정 이거는 분철 의미없나?,curious
2025-04-07,다들 지금까지 포토북 몇장 샀어..?,curious
2025-04-07,예정에도 없던 포토북을 잔뜩 사게되었다... 쥬얼도 이미 1세트랑 윗츄도 3개나 샀는데,neutral
2025-04-07,초회한정 포카 완전 랜덤이지?? 12장 사도,curious
2025-04-07,핸즈업을 이제 준다고??? 참나!!!!,curious
2025-04-07,메가 드디어 받았어..,neutral
2025-04-07,공구로 사면 미공포 받을 수 있어?,curious
2025-04-07,공구처 보통 다 오늘까지라느거 보면ㅇㅇ 오늘 안에 사면 초회한정일듯ㅇㅇ,neutral
2025-04-07,250407 동해물과백두은혁 ✨이쪽으로 올래2✨ 15회 대기실 습격자 NCT WISH 시온&유우시,neutral
2025-04-07,이번에 팝업 있겠지,neutral
2025-04-07,일단 예사에서 포토북 3개 사둠...,neutral
2025-04-07,아니 근데 초회한정이라는 게 책으로 치면 1쇄 초판이란말이야?,curious
2025-04-07,예사에 언제까지 초회한정반 예약 받냐고 물어봤는데 선착순이라 모른대,neutral
2025-04-07,초회한정 포토카드랑 미공포랑 달라?,curious
2025-04-07,12장 사면 포카 12장 다 오려나 ㄷㄷ,neutral
2025-04-07,애들아 비트로드는 9일까진가봐,neutral
2025-04-07,미공포 공지 언제 내는거야,neutral
2025-04-07,일단 오늘 미공포 공지 뜨는지 안뜨는지 보고 포토북 질러야겠다ㅋㅋㅋㅋㅋ,positive
2025-04-07,어디서 사지🥺,neutral
2025-04-07,음반사에서 따로 미공포 얘기 없으면 지금 예판사도 미공포 없는거지?,curious
2025-04-07,나 미공포 뜰라면 포토북 살라고 아직 안샀다공......,neutral
2025-04-07,초회반 사는거가 오늘까지야???,curious
2025-04-07,아니 초회한정만 포카를 준다길래 뭘 주려고 저러지 했거든,neutral
2025-04-07,컴백라이브때 앨범구성어케될까,neutral
2025-04-07,포토북 초회한정 포토카드,neutral
2025-04-07,아침에 넘 정신없어서 걍 홀린듯 메가커피 갔는데,neutral
2025-04-07,다음주가 컴백이라는게 안믿긴다ㅋㅋㅋㅋㅋ,positive
